1,In Search of Lost Time ,Marcel Proust ,1913
2,Ulysses,James Joyce,1922
3,Don Quixote,Miguel de Cervantes,1605
4,Moby Dick,Herman Melville,1851
5,Hamlet,William Shakespeare,1601
6,War and Peace,Leo Tolstoy,1869
7,The Odyssey,Homer,-700
8,The Great Gatsby ,F. Scott Fitzgerald,1925
9,The Divine Comedy ,Dante Alighieri ,1472
10,Madame Bovary,Gustave Flaubert,1857
11,The Brothers Karamazov ,Fyodor Dostoyevsky,1880
12,One Hundred Years of Solitude ,Gabriel Garcia Marquez ,1967
13,The Adventures of Huckleberry Finn,Mark Twain,1884
14,The Iliad,Homer,-700
15,Lolita ,Vladimir Nabokov,1955
16,Anna Karenina,Leo Tolstoy ,1877
17,Crime and Punishment ,Fyodor Dostoyevsky,1866
18,Alice's Adventures in Wonderland ,Lewis Carroll,1865
19,The Sound and the Fury,William Faulkner,1929
20,Pride and Prejudice,Jane Austen,1813
21,The Catcher in the Rye,J. D. Salinger,1945
22,Wuthering Heights,Emily Brontë,1847
23,Nineteen Eighty Four,George Orwell,1949
24,Heart of Darkness,Joseph Conrad,1899
25,To the Lighthouse ,Virginia Woolf ,1927
26,"Absalom, Absalom!",William Faulkner,1936
27,Middlemarch,George Eliot,1871
28,The Trial,Franz Kafka,1925
29,One Thousand and One Nights,India/Iran/Iraq/Egypt,1706
30,The Stories of Anton Chekhov,Anton Chekhov,1961
31,The Red and the Black,Stendhal,1830
32,Gulliver's Travels,Jonathan Swift ,1726
33,Catch-22 ,Joseph Heller,1961
34,The Grapes of Wrath ,John Steinbeck,1939
35,Invisible Man ,Ralph Ellison,1952
36,The Stranger ,Albert Camus,1946
37,Great Expectations,Charles Dickens,1861
38,The Aeneid,Virgil,-19
39,David Copperfield,Charles Dickens,1850
40,Mrs. Dalloway ,Virginia Woolf ,1925
41,Beloved,Toni Morrison,1987
42,The Canterbury Tales,Geoffrey Chaucer,1380
43,Collected Fiction,Jorge Luis Borges,1935
44,Leaves of Grass,Walt Whitman,1855
45,Candide,Voltaire,1759
46,Jane Eyre,Charlotte Brontë,1847
47,As I Lay Dying,William Faulkner,1930
48,The Sun Also Rises ,Ernest Hemingway,1926
49,The Complete Stories of Franz Kafka,Franz Kafka,1971
50,Tristram Shandy,Laurence Sterne,1759
51,A Portrait of the Artist as a Young Man ,James Joyce,1917
52,The Portrait of a Lady ,Henry James,1881
53,Oedipus the King,Sophocles,-429
54,Les Misérables,Victor Hugo,1862
55,To Kill a Mockingbird ,Harper Lee,1960
56,Paradise Lost,John Milton,1667
57,The Complete Tales and Poems of Edgar Allan Poe,Edgar Allan Poe,1975
58,Pale Fire ,Vladimir Nabokov,1962
59,A Passage to India ,E.M. Forster,1924
60,The Idiot,Fyodor Dostoyevsky,1868
61,The Scarlet Letter,Nathaniel Hawthorne,1850
62,Antigone,Sophocles,-442
63,Faust,Johann Wolfgang von Goethe,1808
64,The Magic Mountain,Thomas Mann,1924
65,Dead Souls,Nikolai Gogol,1842
66,The Metamorphosis,Franz Kafka,1915
67,Midnight's Children ,Salman Rushdie,1981
68,Emma,Jane Austen,1815
69,For Whom the Bell Tolls,Ernest Hemingway,1940
70,Frankenstein ,Mary Shelley,1831
71,Journey to the End of The Night,Louis-Ferdinand Céline,1932
72,Oresteia,Aeschylus,-458
73,The Old Man and the Sea,Ernest Hemingway,1952
74,Vanity Fair,William Makepeace Thackeray,1847
75,The Complete Stories of Flannery O'Connor,Flannery O'Connor,1971
76,Under the Volcano ,Malcolm Lowry,1947
77,Gargantua and Pantagruel,Francois Rabelais,1532
78,Tom Jones,Henry Fielding,1749
79,Fairy Tales and Stories,Hans Christian Anderson,1843
80,Things Fall Apart ,Chinua Achebe,1958
81,The Flowers of Evil,Charles Baudelaire,1857
82,Brave New World,Aldous Huxley,1931
83,The Tin Drum,Günter Grass,1959
84,The Good Soldier,Ford Madox Ford,1915
85,A Farewell to Arms,Ernest Hemingway,1929
86,The Possessed,Fyodor Dostoevsky,1872
87,Poems of Emily Dickinson,Emily Dickinson,1955
88,On the Road,Jack Kerouac,1957
89,The Master and Margarita,Mikhail Bulgakov,1966
90,The Castle,Franz Kafka,1926
91,Father Goriot,Honoré de Balzac,1835
92,Stories of Ernest Hemingway,Ernest Hemingway,1987
93,Robinson Crusoe,Daniel Defoe,1719
94,Collected Poems of W. B. Yeats,W. B. Yeats,1933
95,The Charterhouse of Parma,Stendhal,1839
96,The Tale of Genji,Murasaki Shikibu,1000
97,Oedipus at Colonus,Sophocles,-401
98,Fathers and Sons,Ivan Turgenev,1862
99,Metamorphoses,Ovid,8
100,Decameron,Giovanni Boccaccio,1350
101,Waiting for Godot,Samuel Beckett,1953
102,The Waste Land,T. S. Eliot,1922
103,A Sentimental Education,Gustave Flaubert,1869
104,Cousin Bette,Honoré de Balzac,1846
105,Dangerous Liaison,Pierre Choderlos de Laclos,1782
106,Animal Farm,George Orwell,1946
107,Tess of the d'Urbervilles,Thomas Hardy,1891
108,Lord of the Flies ,William Golding,1954
109,King Lear,William Shakespeare,1608
110,American Pastoral,Philip Roth,1997
111,The Age of Innocence,Edith Wharton,1920
112,The Lord of the Rings,J. R. R. Tolkien ,1954
113,Treasure Island,Robert Louis Stevenson,1881
114,All the King's Men,Robert Penn Warren,1946
115,Blood Meridian,Cormac McCarthy,1986
116,Lord Jim,Joseph Conrad,1900
117,Gone With the Wind ,Margaret Mitchell,1937
118,Charlotte's Web,E. B. White,1952
119,Native Son ,Richard Wright,1940
120,Buddenbrooks,Thomas Mann,1901
121,Sons and Lovers,D. H. Lawrence,1913
122,"Rabbit, Run ",John Updike,1960
123,The Little Prince,Antoine de Saint-Exupéry,1943
124,Slaughterhouse-Five ,Kurt Vonnegut,1969
125,Their Eyes Were Watching God ,Zora Neale Hurston,1937
126,A Season in Hell,Arthur Rimbaud,1873
127,Household Tales,Brothers Grimm,1812
128,The Count of Monte Cristo,Alexandre Dumas,1844
129,My Antonia,Willa Cather,1918
130,A Doll's House,Henrik Ibsen,1879
131,The Ambassadors,Henry James,1903
132,The Moviegoer,Walker Percy,1961
133,The Tempest,William Shakespeare,1610
134,Nostromo,Joseph Conrad,1904
135,The Complete Sherlock Holmes,Arthur Conan Doyle,1887
136,Electra,Sophocles,-409
137,Medea,Euripides,-431
138,Doctor Faustus,Thomas Mann,1947
139,Collected Poems,Wallace Stevens,1955
140,The Big Sleep,Raymond Chandler,1939
141,One Flew Over the Cuckoo's Nest ,Ken Kesey,1962
142,Lost Illusions,Honoré de Balzac,1837
143,Bleak House,Charles Dickens,1852
144,The Strange Case of Dr. Jekyll and Mr. Hyde,Robert Louis Stevenson,1886
145,Doctor Zhivago,Boris Pasternak,1957
146,Dubliners,James Joyce,1914
147,The Wind in the Willows,Kenneth Grahame,1908
148,First Folio,William Shakespeare,1623
148,Light in August ,William Faulkner,1932
149,Twenty Thousand Leagues Under the Sea,Jules Verne,1870
150,The Plague,Albert Camus,1947
151,The Wind-Up Bird Chronicle,Haruki Murakami,1994
152,Hunger,Knut Hamsun,1890
153,If on a Winter's Night a Traveller ,Italo Calvino,1979
154,The Leopard,Giuseppe Tomasi di Lampedusa,1958
155,The Poems of Robert Frost,Robert Frost,1969
156,Epic of Gilgamesh,Unknown,-600
157,Phèdre,Jean Racine,1677
158,An American Tragedy,Theodore Dreiser,1925
159,The Picture of Dorian Gray,Oscar Wilde,1890
160,Women in Love,D. H. Lawrence,1920
161,Prometheus Bound,Aeschylus,-415
162,The Complete Poetry and Prose of William Blake,William Blake,1827
163,Lysistrata,Aristophanes,-411
164,A Clockwork Orange,Anthony Burgess,1962
165,Rebecca,Daphne du Maurier,1938
166,The Call of the Wild,Jack London,1903
167,Orlando: A Biography,Virginia Woolf ,1923
168,Dracula,Bram Stoker,1897
169,The Color Purple,Alice Walker,1982
170,The Stories of John Cheever,John Cheever,1978
171,Little Women,Louisa May Alcott,1868
172,Steppenwolf,Hermann Hesse,1927
173,Eugenie Grandet,Honoré de Balzac,1833
174,Macbeth,William Shakespeare,1587
175,Gravity's Rainbow ,Thomas Pynchon,1973
176,A Tale of Two Cities,Charles Dickens,1859
177,"I, Claudius ",Robert Graves,1934
178,The Unbearable Lightness of Being,Milan Kundera,1984
179,The Pickwick Papers,Charles Dickens,1837
180,Tartuffe,Molière,1664
181,Seven Against Thebes, Aeschylus,-467
182,The Persians,Aeschylus,-472
183,The Suppliants,Aeschylus,-470
184,Finnegans Wake,James Joyce,1939
185,Confessions of Zeno,Italo Svevo,1923
186,De Rerum Natura,Lucretius,-55
187,Harry Potter And The Philosopher's Stone,J. K. Rowling,1997
188,Molloy,Samuel Beckett,1951
189,The Handmaid's Tale,Margaret Atwood,1985
190,Rabbit at Rest,John Updike,1990
191,The Golden Notebook,Doris Lessing,1962
192,Rabbit Is Rich,John Updike,1981
193,Through the Looking Glass,Lewis Carroll,1871
194,The Bacchae,Euripides,-405
195,U.S.A. Trilogy,John Dos Passos,1938
195,Rabbit Redux, John Updike,1971
196,The Adventures of Augie March,Saul Bellow,1953
197,Malone Dies,Samuel Beckett,1951
198,Women of Trachis,Sophocles,-410
199,Ajax,Sophocles,-450
200,Philoctetes,Sophocles,-409
201,The Princess of Cleves,Madame de La Fayette,1678
202,Henderson The Rain King,Saul Bellow,1959
203,The Misanthrope,Molière,1673
204,Nineteen Nineteen,John Dos Passos,1932
205,Collected Poems of Dylan Thomas,Dylan Thomas,1952
206,Independent People,Halldor Laxness,1946
207,Complete Poems of Giacomo Leopardi,Giacomo Leopardi,1946
208,Pilgrim's Progress ,John Bunyan,1678
209,The Man Without Qualities,Robert Musil,1930
210,Herzog ,Saul Bellow,1964
211,Nine Stories,J.D. Salinger,1953
212,Jude the Obscure,Thomas Hardy,1895
213,Lady Chatterley's Lover,D. H. Lawrence,1928
214,Pedro Paramo,Juan Rulfo,1955
215,The Maltese Falcon,Dashiell Hammett,1930
216,Howards End,E. M. Forster,1910
217,Stories of Guy de Maupassant,Guy de Maupassant,1880
218,The Good Soldier Svejk,Jaroslav Hašek,1923
219,All Quiet on the Western Front,Erich Maria Remarque,1929
220,The Three Musketeers,Alexandre Dumas,1844
221,The 42nd Parallel,John Dos Passos,1930
222,The Big Money,John Dos Passos,1936
223,The Heart Is A Lonely Hunter,Carson McCullers,1940
224,Tender Is the Night,F. Scott Fitzgerald,1934
225,The Sonnets,William Shakespeare,1609
226,Infinite Jest ,David Foster Wallace,1996
227,The Birds,Aristophanes,-414
228,Memoirs of Hadrian,Marguerite Yourcenar,1951
229,Of Mice and Men,John Steinbeck,1937
230,The Corrections,Jonathan Franzen,2001
231,Berlin Alexanderplatz,Alfred Döblin,1929
232,Austerlitz ,W. G. Sebald ,2001
233,The Red Badge of Courage,Stephen Crane,1895
234,"The Lion, The Witch and the Wardrobe ",C.S. Lewis,1950
235,Clarissa,Samuel Richardson,1748
236,The Poems of John Keats,John Keats,1821
237,The Rime of the Ancient Mariner,Samuel Taylor Coleridge,1798
238,Love in the Time of Cholera,Gabriel Garcia Marquez,1985
239,The Critique of the School for Wives,Molière,1662
240,Don Juan,Molière,1821
241,The Would-Be Gentleman,Molière,1670
242,The Would-Be Invalid,Molière,1673
243,The School for Wives,Molière,1662
244,The Miser,Molière,1668
245,The Adventures of Oliver Twist,Charles Dickens,1837
246,Song of Solomon,Toni Morrison,1977
247,The Unnamable,Samuel Beckett,1953
248,The Book of Disquiet,Fernando Pessoa,1982
249,Winnie the Pooh,A. A. Milne,1926
250,Le Morte d'Arthur,Thomas Malory,1485
251,A Confederacy of Dunces,John Kennedy Toole,1980
252,Our Mutual Friend,Charles Dickens,1865
253,The Duino Elegies,Rainer Maria Rilke,1923
254,Nausea,Jean-Paul Sartre,1938
255,The Waves,Virginia Woolf,1931
256,Hedda Gabler,Henrik Ibsen,1891
257,The Prime of Miss Jean Brodie ,Muriel Spark,1961
258,The Amazing Adventures of Kavalier and Clay,Michael Chabon,2000
259,Bérénice,Jean Racine,1670
260,The Long Goodbye: A Novel,Raymond Chandler,
261,"Look Homeward, Angel",Thomas Wolfe,1929
262,Lucky Jim ,Kingsley Amis,1954
263,Death in Venice,Thomas Mann,1912
264,The Counterfeiters,André Gide,1925
265,The Hitchhiker's Guide to the Galaxy,Douglas Adams,1979
266,Selected Stories of Alice Munro,Alice Munro,1996
267,The Clouds,Aristophanes,-423
268,A Handful of Dust ,Evelyn Waugh,1934
269,Beowulf,Unknown,900
270,Dune,Frank Herbert,1965
271,A Prayer for Owen Meany ,John Irving ,1989
272,Atonement,Ian McEwan,2002
273,The Fountainhead,Ayn Rand,1943
274,Kim,Rudyard Kipling,1901
275,Songs of Innocence and Experience,William Blake,1789
276,The Man Who Loved Children ,Christina Stead,1940
277,Poems of W. H. Auden,W. H. Auden,1930
278,A Midsummer Night's Dream ,William Shakespeare,1596
279,The Prelude,William Wordsworth,1850
280,The Confusions of Young Törless,Robert Musil,1906
281,The Mayor of Casterbridge,Thomas Hardy,1886
282,The Stand,Stephen King,1978
283,"Winesburg, Ohio",Sherwood Anderson,1919
284,Cloud Atlas,David Mitchell,2004
285,Los Siete Locos,Roberto Arlt,1929
286,Uncle Tom's Cabin,Harriet Beecher Stowe,1852
287,Bonfire of the Vanities,Tom Wolfe,1987
288,The Poems of Francois Villon,François Villon,1463
289,Collected Poems of T.S. Eliot,T.S. Eliot,1936
290,A Room With a View,E.M. Forster,1908
291,A Bend in the River,V. S. Naipaul,1979
292,"If I Forget Thee, Jerusalem",William Faulkner,1939
293,2666,Roberto Bolano,2004
294,Poems of Federico García Lorca,Federico García Lorca,1941
295,A Wrinkle In Time,Madeleine L'Engle,1962
296,The House of the Spirits,Isabel Allende,1982
297,Jakob Von Gunten,Robert Walser,1909
298,The Hound of the Baskervilles,Sir Arthur Conan Doyle,1901
299,The Odes,Horace,-23
300,Trojan Women,Euripides,-415
301,Brideshead Revisited,Evelyn Waugh,1945
302,Dream of the Red Chamber,Cao Xueqin,1791
303,In Our Time,Ernest Hemingway,1925
304,Money ,Martin Amis,1984
305,The Breakfast of Champions,Kurt Vonnegut,1973
306,A Tree Grows in Brooklyn,Betty Smith,1943
307,Fahrenheit 451,Ray Bradbury,1953
308,The Brief Wondrous Life of Oscar Wao,Junot Diaz,2007
309,Tropic of Cancer ,Henry Miller,1934
310,The House of Mirth,Edith Wharton,1905
311,The Woman in White,Wilkie Collins,1859
312,Oblomov,Ivan Goncharov,1859
313,The Sleepwalkers,Hermann Broch,1931
314,The Custom of the Country,Edith Wharton,1913
315,Mourning Becomes Electra, Eugene O'Neill,1931
316,The Recognition of Sakuntala,Kalidasa,-200
317,Jacques the Fatalist and His Master,Denis Diderot,1796
318,Zorba the Greek,Nikos Kazantzakis,1946
319,The Jungle,Upton Sinclair,1906
320,The Sorrows of Young Werther,Johann Wolfgang von Goethe,1774
321,"So Long, See You Tomorrow",William Maxwell,1981
322,White Noise ,Don DeLillo,1985
323,Siddhartha,Hermann Hesse,1922
324,The Waste Land and Other Poems,T. S. Eliot,1965
325,The Temple of the Golden Pavilion,Yukio Mishima,1956
326,Journey to the West, Wu Cheng'en,1592
327,The Time Machine,H. G. Wells,1895
328,Middlesex,Jeffrey Eugenides,2002
329,Adolphe,Benjamin Constant,1816
330,Persuasion,Jane Austen,1818
331,Wide Sargasso Sea,Jean Rhys,1966
332,The Naked Dead,Norman Mailer,1948
333,Le Cid,Pierre Corneille,1637
334,The Adventures of Tom Sawyer,Mark Twain,1876
335,The Things They Carried,Tim O'Brien,1990
336,Lyrical Ballads,"William Wordsworth, Samuel Taylor Coleridge",1798
337,Labyrinths,Jorge Luis Borges,1962
338,The Faerie Queene,Edmund Spenser,1590
339,The Alchemist,Paulo Coelho ,1988
340,The World According to Garp,John Irving ,1978
341,White Teeth ,Zadie Smith,2000
342,The Alexandria Quartet ,Lawrence Durrell,1957
343,Othello,William Shakespeare,1603
344,Death of Virgil,Hermann Broch,1945
345,Journals: 1889-1913,André Gide,
346,At Swim Two-Birds,Flann O'Brien,1939
347,Breakfast at Tiffany's,Truman Capote,1958
348,Don Juan: A Poem,Lord Byron,1819
349,Bouvard et Pécuchet,GUSTAVE FLAUBERT,1881
350,Bartleby the Scrivener,Herman Melville,1853
351,The War of the End of the World,Mario Vargas Llosa,1981
352,Rubaiyat of Omar Khayyam,Edward FitzGerald,1859
353,Pippi Longstocking,Astrid Lindgren,1945
354,The Mill on the Floss,George Eliot,1860
355,History,Elsa Morante,1974
356,Ethan Frome,Edith Wharton,1911
357,Collected Poems,Stéphane Mallarmé,1898
358,Germinal,Émile Zola,1885
359,The Wonderful Wizard of Oz,L. Frank Baum ,1900
360,The Golden Bowl,Henry James,1904
361,The Good Earth,Pearl S. Buck,1931
362,"Carry On, Jeeves",P.G. Wodehouse,1925
363,Invisible Cities,Italo Calvino,1972
364,Collected Poems,Arthur Rimbaud,1954
365,Romeo and Juliet,William Shakespeare,1597
366,The Road,Cormac McCarthy,2006
367,Manon Lescaut,Abbe Prevost,1731
368,The Rainbow,D. H. Lawrence,1915
369,Tristan,Gottfried von Strassburg,1210
370,Hopscotch,Julio Cortázar,1963
371,Three Sisters,Anton Chekhov,1901
372,A Christmas Carol,Charles Dickens,1843
373,Hippolytus,Euripides,-428
374,The Killer Angels,Michael Shaara,1974
375,The Makioka Sisters,Tanizaki Jun’ichirō,1948
376,The Way We Live Now,Anthony Trollope ,1875
377,Jesus' Son,Denis Johnson,1999
378,War of the Worlds,H. G. Wells,1898
379,Atlas Shrugged,Ayn Rand,1957
380,The Bell Jar,Sylvia Plath,1963
381,The Complete Poetry and Selected Prose of John Donne,John Donne,1631
382,Neuromancer ,William Gibson,1984
383,Go Tell it on the Mountain ,James Baldwin,1953
384,The Phantom Tollbooth,Norton Juster,
385,The Book Thief,Markus Zusak,2005
386,All the Pretty Horses,Cormac McCarthy,1992
387,The Devil to Pay in the Backlands,Joao Guimaraes Rosa,1956
388,Fragments,Heraclitus,-475
389,Darkness at Noon,Arthur Koestler,1940
390,The Short Stories of F. Scott Fitzgerald,F. Scott Fitzgerald,1940
391,Humboldt's Gift,Saul Bellow,1975
392,Housekeeping,Marilynne Robinson,1980
393,Fables of La Fontaine,Jean de La Fontaine,1694
394,Omeros,Derek Walcott,1990
395,The Death of Ivan Ilyich,Leo Tolstoy,1886
396,Diary of a Madman and Other Stories,Xun Lu,1918
397,The Master Builder,Henrik Ibsen,1892
398,Saint Joan,George Bernard Shaw,1923
399,Uncle Vanya,Anton Chekhov,1899
400,Little Dorrit,Charles Dickens,1857
401,The Wild Duck,Henrik Ibsen,1885
402,The Maias: Episodes from Romantic Life,Eça de Queirós,1888
403,The Remains of the Day,Kazuo Ishiguro,1989
404,Watchmen ,Alan Moore and Dave Gibbons,1986
405,The Marriage Of Cadmus And Harmony,Roberto Calasso,1988
406,Alcools,Guillaume Apollinaire,1913
407,Naked Lunch,William Burroughs,1959
408,The Collected Stories of William Faulkner,William Faulkner,1950
409,Death Comes for the Archbishop,Willa Cather,1927
410,Watership Down,Richard Adams,1972
411,2001: A Space Odyssey,Arthur C. Clarke,1951
412,The Last of the Mohicans,James Fenimore Cooper,1826
413,Call It Sleep,Henry Roth,1934
414,Waiting for the Barbarians, J.M. Coetzee ,1980
415,Poems of Rumi,Jalāl al-Dīn Rūmī (Maulana),1273
416,Howl and Other Poems,Allen Ginsberg,1956
417,Selected Stories of Lu Hsun,Xun Lu,1936
418,Krapp's Last Tape,Samuel Beckett,1958
419,Utopia,Thomas More,1516
420,The Sot-Weed Factor ,John Barth,1960
421,The French Lieutenant's Woman ,John Fowles,1969
422,The Blind Assassin,Margaret Atwood,2000
423,Ferdydurke,Witold Gombrowicz,1937
424,The Importance of Being Earnest,Oscar Wilde,1895
425,The Awakening,Kate Chopin,1899
426,Arrowsmith,Sinclair Lewis,1925
427,The Collected Stories of Isaac Babel,Isaac Babel,1955
428,"Tinker, Tailor, Soldier, Spy",John Le Carre,1974
429,My Name Is Aram,William Saroyan,1940
430,Scoop,Evelyn Waugh,1938
431,Maldoror (Les Chants de Maldoror),Comte de Lautréamont,1869
432,Portnoy's Complaint ,Philip Roth,1969
433,Crash: A Novel,J. G. Ballard,1973
434,Jazz,Toni Morrison,1992
435,Varieties of Disturbance: Stories,Lydia Davis,2007
436,Hawaii,James Albert Michener,1959
437,The Poisonwood Bible,Barbara Kingsolver,1998
438,A Good Man Is Hard to Find,Flannery O'Connor,1955
439,Little Disturbances,Grace Paley,1959
440,Revolutionary Road,Richard Yates,1961
441,Silas Marner,George Eliot,1861
442,Man's Fate,Andre Malraux,1934
443,Tell Me a Riddle,Tillie Olsen,1961
444,Notes from the Underground,Fyodor Dostoyevsky,1864
445,The Cherry Orchard,Anton Chekhov,1904
446,I'm Not Stiller,Max Frisch,1957
447,The Poems of Percy Bysshe Shelley ,Percy Bysshe Shelley,1822
448,The Name of the Rose,Umberto Eco,1980
449,Prince Caspian: The Return to Narnia,C. S. Lewis,1951
450,The Magician's Nephew,"C. S. Lewis, Clive Staples Lewis",1955
451,The Voyage of the Dawn Treader: The Chronicles of Narnia,C. S. Lewis,1952
452,The Silver Chair: The Chronicles of Narnia,C. S. Lewis,1953
453,The Last Battle: The Chronicles of Narnia,C. S. Lewis,1956
454,The Horse and His Boy: The Chronicles of Narnia,C. S. Lewis,1954
455,Ragtime,E.L. Doctorow,1975
456,One Hundred and One Poems by Paul Verlaine,Paul Verlaine,1999
457,Bastard Out of Carolina,Dorothy Allison,1993
458,"Jimmy Corrigan, the Smartest Kid on Earth",Chris Ware,2001
459,Parade's End,Ford Madox Ford,1924
460,Main Street,Sinclair Lewis,1920
461,Richard III,William Shakespeare,1592
462,The Hunchback of Notre-Dame,Victor Hugo,1831
463,Collected Works of Edna St. Vincent Millay,Edna St. Vincent Millay,1950
464,Barchester Towers,Anthony Trollope,1857
465,Thérèse Raquin,Emile Zola,1867
466,The Lady with the Dog,Anton Chekhov,1899
467,Selected Poems,Pierre Ronsard,1585
468,Endgame,Samuel Beckett,1957
469,The Posthumous Memoirs of Bras Cubas,Machado de Assis,1881
470,Blindness,Jose Saramago,1998
471,"The Sea, The Sea",Iris Murdoch,1978
472,The Tartar Steppe,Dino Buzzati,1940
473,Gypsy Ballads,Federico Garcia Lorca,1928
474,The Betrothed,Alessandro Manzoni,1842
475,A Hero of Our Time,Mikhail Lermontov,1840
476,Moll Flanders,Daniel Defoe,1772
477,The Crying of Lot 49 ,Thomas Pynchon,1966
478,Masnavi,Jalal al-Din Muhammad Rumi,1250
479,Collected Stories,William Somerset Maugham,1965
480,Poems,Paul Celan,2001
481,Bostan, Saadi,1257
482,The Poems of Walt Whitman,Walt Whitman,1892
483,Murder on the Orient Express,Agatha Christie,1934
484,Season of Migration to the North,Al-Tayyib Salih,1966
485,Twice-Told Tales,Nathaniel Hawthorne,1837
486,Robert Browning's Poetry,Robert Browning,1889
487,The Sound of the Mountain,Yasunari Kawabata,1970
488,Children of Gebelawi,Naguib Mahfouz,1059
489,Watt,Samuel Beckett,1953
490,Njal's Saga,Iceland,1200
491,The Turn of the Screw,Henry James,1898
492,Poems of Friedrich Hölderlin,Friedrich Hölderlin,1843
493,The Known World,Edward P. Jones,2003
494,Les Filles du feu,Gerard de Nerval,1854
495,Sophie's Choice,William Styron,1979
496,The Last Chronicle of Barset,Anthony Trollope,1867
497,The Once and Future King,T. H. White,1958
498,Poems of Eugenio Montale,Eugenio Montale,1975
499,The Sheltering Sky ,Paul Bowles,1949
500,Dom Casmurro,Machado de Assis,1899
501,The Day of the Locust ,Nathanael West,1939
502,Some Prefer Nettles,Junichiro Tanizaki,1929
503,The Complete Writings of Alfred de Musset,Alfred de Musset,1857
504,Daphnis and Chloe,Longus,200
505,Parzival,Wolfram Eschenbach,1200
506,The Complete Poetry and Essential Prose of John Milton,John Milton,1674
507,The Complete Poems of Samuel Taylor Coleridge,Samuel Coleridge,1834
508,The House of the Seven Gables,Nathaniel Hawthorne,1851
509,The Nibelungenlied,Anonymous,1200
510,A Dance to the Music of Time,Anthony Powell,1951
511,The Secret History,Donna Tartt,1992
512,The Selected Works of Cesare Pavese,Cesare Pavese,
513,A Death in the Family ,James Agee,1957
514,Wings of the Dove,Henry James,1902
515,Disgrace,J. M. Coetzee,1999
516,Gimpel the Fool,Isaac B Singer,1957
517,Gilead,Marilynne Robinson,2004
518,The Joy Luck Club,Amy Tan,1989
519,A Separate Peace,John Knowles,1959
520,The Tale of Peter Rabbit,Beatrix Potter,1902
521,Cyrano de Bergerac,Edmond Rostand,1897
522,The Fall,Albert Camus,1956
523,The Moon and the Bonfires,Cesare Pavese,1949
524,We,Yevgeny Zamyatin,1921
525,Wise Blood,Flannery O'Connor,1952
526,Complete Poems,Elizabeth Bishop,1979
527,The Collected Poems of William Carlos Williams: 1909-1939,William Carlos Williams,1939
528,Cathedral,Raymond Carver,1984
529,"The Figaro Trilogy: The Barber of Seville, The Marriage of Figaro, The Guilty Mother",Pierre-Augustin Caron de Beaumarchais,1792
530,The Collected Stories of Eudora Welty,Eudora Welty,1982
531,Les Tragiques,Agrippa d'Aubigné,1616
532,Birds of America,Lorrie Moore,1998
533,His Dark Materials,Philip Pullman,1995
534,Les Destinées,Alfred de Vigny,1864
535,Love Medicine,Louise Erdrich,1984
536,Betrayed by Rita Hayworth,Manuel Puig,1968
537,The Hobbit,J. R. R. Tolkien ,1937
538,The Emigrants,Winfried Georg Sebald,1992
539,Daniel Deronda ,George Eliot,1876
540,Poet in New York,Frederico García Lorca,1929
541,Andersonville,MacKinlay Kantor,1955
542,The Man in the High Castle,Philip K. Dick,1962
543,Six Characters in Search of an Author,Luigi Pirandello,1921
544,The Transit of Venus,Shirley Hazzard,1980
545,Cold Mountain,Charles Frazier,1997
546,Ubu Roi,Alfred Jarry,1896
547,A Lost Lady,Willa Cather,1923
548,The Collected Works of Paul Valéry,Paul Valéry,1945
549,The Hamlet,William Faulkner,1940
550,Lunch Poems,Frank O'Hara,1964
551,Three Lives,Gertrude Stein,1909
552,Conversation in the Cathedral,Mario Vargas Llosa,1969
553,The Complete Poetry of César Vallejo,César Vallejo,1979
554,Carmen,Prosper Mérimée,1845
555,Marivaux: Three Plays,Pierre Carlet de Chamblain de Marivaux,1763
556,La légende des siècles,Victor Hugo,1859
557,The Last Books of Hector Viel Temperley,Hector Viel Temperley ,1982
558,Poems of Pablo Neruda,Pablo Neruda,1975
559,The Burning Plain and Other Stories,Juan Rulfo,1953
560,Los lanzallamas,Roberto Arlt,1931
561,Calligrammes,Guillaume Apollinaire,1918
562,Juan De Mairena,Antonio Machado,1936
563,La Regenta,Clarín,1884
564,The Poems of Jaime Gil de Biedma ,Jaime Gil de Biedma ,1982
565,Rimas,Gustavo Adolfo Bécquer,1850
566,Fortunata and Jacinta,Benito Pérez Galdós,1887
567,Celestina,Fernando de Rojas,1499
568,The Shipyard,Juan Carlos Onetti,1961
569,Residence on Earth,Pablo Neruda,1933
570,Trilce,César Vallejo,1922
571,Three Trapped Tigers,Guillermo Cabrera Infante,1967
572,In Chancery,John Galsworthy,1920
573,Indian Summer of a Forsyte,John Galsworthy,1918
574,Death on Credit,Louis-Ferdinand Céline,1936
575,The Hardy Boys,Franklin W. Dixon,1927
576,Awakening,John Galsworthy,1920
577,Tarzan of the Apes,Edgar Rice Burroughs,1912
578,Lad: a Dog,Albert Payson Terhune,1919
579,The Manticore,Robertson Davies,1972
580,The Progress of Love,Alice Munro,1986
581,Nero Wolfe,Rex Stout,1934
582,Fifth Business,Robertson Davies,1970
583,World of Wonders,Robertson Davies,1975
584,To Let,John Galsworthy,1921
585,The Man of Property,John Galsworth,1906
586,One Day in the Life of Ivan Denisovich,Aleksandr Solzhenitsyn,1962
587,Kolyma Tales,Varlan Shalanov,1954
588,The Sirens of Titan,Kurt Vonnegut,1959
589,Mrs. Bridge,Evan S. Connell,1959
590,Complete Stories,Dorothy Parker,1967
591,We Have Always Lived in the Castle,Shirley Jackson,1962
592,Mr Bridge,Evan S. Connell,1969
593,The Princess Bride: An Illustrated Edition of S. Morgenstern's Classic Tale of True Love and High Adventure,William Goldman,1973
594,The Complete Poems,Philip Larkin,1985
595,The Poetry of Derek Walcott 1948-2013,Derek Walcott,2013
596,Freedom: A Novel,Jonathan Franzen,2010
597,Snow Crash ,Neal Stephenson,1992
598,Collected Stories,Raymond Chandler,2009
599,The Thorn Birds,Colleen McCullough,1977
600,Daisy Miller,Henry James,1878
601,Illuminations,Arthur Rimbaud,1886
602,Aunt Julia and the Scriptwriter,Mario Vargas Llosa,1977
603,Last Evenings with Teresa,Juan Marse,1965
604,The Garden of the Finzi-Continis,Giorgio Bassani,1962
605,Bohemian Lights,Ramón del Valle-Inclán,1924
606,Poems by Machado,Antonio Machado,1917
607,The Time of the Hero,Mario Vargas Llosa,1963
608,Poems of Góngora,Luis de Góngora,1600
609,Mortal y rosa,Francisco Umbral,1975
610,The Shadow Line,Joseph Conrad,1917
611,Peter Pan,J. M. Barrie,1902
612,Sanctuary,William Faulkner,1931
613,"Spain, Take This Chalice from Me",Cesar Vallejo,1937
614,The First Man,Albert Camus,1994
615,Sonnets,Julián Olivares,1625
616,The Poetry of Luis Cernuda,Luis Cernuda,1963
617,Demian,Hermann Hesse,1919
618,"Three plays: The hostage, Crusts, The humiliation of the father",Paul Claudel,1955
619,Wry-Blue Loves: Les Amours Jaunes,Tristan Corbière,1873
620,The Bean Trees,Barbara Kingsolver,1988
621,Les Contemplations,Victor Hugo,1856
622,La Nuit obscure,Jean de la Croix,
623,The Diary of a Country Priest,Georges Bernanos,1936
624,The Lover,Marguerite Duras,1984
625,Aesop's Fables,Aesop,-560
626,"Germany, a Winter Tale",Heinrich Heine,1844
627,The Poems of Wilfred Owen,Wilfred Owen,1920
628,The Fault in Our Stars,John Green,
629,Sophie's World: A Novel About the History of Philosophy,Jostein Gaarder,1991
630,Forbidden Colours,Yukio Mishima,1951
631,Balzac and the Little Chinese Seamstress,Dai Sijie,2000
632,Four Quartets, T. S. Eliot,1943
633,The Fortress of Solitude,Jonathan Lethem,2003
634,A House for Mr. Biswas ,V.S. Naipaul,1961
635,What We Talk About When We Talk About Love,Raymond Carver,1981
636,The Thirty-Nine Steps,John Buchan ,1915
637,And Then There Were None,Agatha Christie,1939
638,Brighton Rock,Graham Greene,1938
639,The English Patient,Michael Ondaatje,1992
640,Of Human Bondage ,W. Somerset Maugham,1915
641,"Twelfth Night: Or, What You Will",William Shakespeare,1602
642,The Return of the Native,Thomas Hardy,1878
643,Loving,Henry Green,1945
644,Henry V,William Shakespeare,1599
645,Prufrock and Other Observations,T.S. Eliot,1917
646,Norwegian Wood,Haruki Murakami,1987
647,Billy Budd,Herman Melville,1924
648,Much Ado about Nothing,William Shakespeare,1599
649,East of Eden,John Steinbeck,1952
650,The Lusiad,Luís Vaz Camões,1572
651,Studs Lonigan,James T. Farrell,1935
652,Sir Gawain and the Green Knight,Simon Armitage,2007
653,Long Day's Journey Into Night,Eugene O'Neill,1956
654,A Suitable Boy,Vikram Seth,1994
655,Nightmare Abbey ,Thomas Love Peacock,1818
656,Petersburg,Andrei Bely,1913
657,Babbitt,Sinclair Lewis,1922
658,Wise Children,Angela Carter,1991
659,The Day of the Triffids,John Wyndham,1951
660,Selected Stories,D. H. Lawrence,1930
661,Death Of A Salesman,Arthur Miller,1949
662,Poems of Alfred Lord Tennyson,Alfred Lord Tennyson,1892
663,Foundation,Isaac Asimov,1951
664,The Talented Mr. Ripley,Patricia Highsmith,1950
665,"Life, a User's Manual",Georges Perec,1978
666,Life of Pi,Yann Martel,2001
667,The Death of the Heart ,Elizabeth Bowen,1938
668,Stranger in a Strange Land,Robert A. Heinlein,1961
669,Satanic Verses,Salman Rushdie,1988
670,The End of the Affair,Graham Greene,1951
671,The Warden,Anthony Trollope,1855
672,The Prophet,Kahlil Gibran,1923
673,My Name is Red,Orhan Pamuk,2001
674,Never Let Me Go ,Kazuo Ishiguro,2005
675,Do Androids Dream of Electric Sheep?,Philip K. Dick,1968
676,White Fang,Jack London,1906
677,Black Beauty: The Autobiography of a Horse,Anna Sewell,1877
678,The Secret Agent,Joseph Conrad,1907
679,The New York Trilogy,Paul Auster,1987
680,Interview with the Vampire,Anne Rice,1976
681,"Captain Hornblower R.N.: Hornblower and the 'Atropos', The Happy Return, A Ship of the Line",C S Forester,1937
682,The Diary of a Nobody,George & Weedon Grossmith,1892
683,Northern Lights,Philip Pullman,1995
684,The Poems of Sappho,Sappho,-570
685,Legends of The Fall,Jim Harrison,1979
686,Selected Poems of Lord Byron,Lord Byron,1824
687,Miss Lonelyhearts ,Nathanael West,1933
688,Possession ,A.S. Byatt,1990
689,The Monkey Wrench Gang,Edward Abbey,1975
690,Blood and Guts in High School,Kathy Acker,1984
691,Tales of the South Pacific,James A. Michener,1947
692,JR,William Gaddis,1975
693,The Yearling,Marjorie Kinnan Rawlings,1938
694,Paddy Clarke Ha Ha Ha,Roddy Doyle,1993
695,The Lottery and Other Stories,Shirley Jackson,1949
696,Going After Cacciato,Tim O'Brien,1979
697,A Streetcar Named Desire,Tennessee Williams,1947
698,The Razor's Edge,W. Somerset Maugham,1944
699,My Book House,Olive Beaupré Miller,1921
700,The Fortunes Of Richard Mahony,Henry Handel Richardson,1929
701,Death of a Lake,Arthur William Upfield,1954
702,The Go-Between,L.P. Hartley,1953
703,The Seance and Other Stories,Isaac Bashevis Singer,1991
704,Short Friday: And Other Stories,Isaac Bashevis Singer,1991
705,A Rose for Emily,William Faulkner,1930
706,Rashomon and Seventeen Other Stories,Ryunosuke Akutagawa,1915
707,The Complete Works of Nathanael West,Nathanael West,1940
708,The Richard Trilogy,Paul Horgan,1990
709,The Bone is Pointed: An Inspector Bonaparte Mystery #6 ,Arthur W. Upfield,1938
710,The Prussian Officer,D. H. Lawrence,1914
711,The Beast in the Jungle,Henry James,1903
712,Gogol's Wife,Tommaso Landolfi,1963
713,Eight Men: Short Stories,Richard Wright,1961
714,The Poorhouse Fair: A Novel,John Updike,1959
715,Body Rags,Galway Kinnell,1968
716,The Prince and the Pauper: A Tale for Young People of All Ages,Mark Twain,1881
717,The Loneliness of the Long-distance Runner,Alan Sillitoe,1959
718,The Short Happy Life of Francis Macomber,Ernest Hemingway,1936
719,Another Country,James Baldwin,1962
720,Amelia,Henry Fielding,1751
721,Dark symphony: Negro literature in America,"James A. Emanuel (Comp), Theodore L. Gross (Joint Comp)",
722,Of Time and the River: A Legend of Man's Hunger in His Youth,Thomas Wolfe,1935
723,Monsignor Quixote,Graham Greene,1982
724,The Times Are Never So Bad: A Novella and Eight Short Stories,Andre Dubus,1983
725,Mysteries,Knut Hamsun,1892
726,The Old Curiosity Shop,Charles Dickens,1941
727,The Blithedale Romance,Nathaniel Hawthorne,1852
728,"Horseman, Pass By: A Novel",Larry McMurtry,1961
729,The Negro Caravan: Writings by American Negroes,"Sterling Allen Brown, Arthur Paul Davis, Ulysses Lee",1941
730,Open Secrets: Stories,Alice Munro,1994
731,Mother Courage and Her Children,Bertolt Brecht,1939
732,The Shining,Stephen King,1977
733,Underworld,Don DeLillo,1997
734,The Left Hand Of Darkness,Ursula K. Le Guin,1969
735,Riddle of the Sands,Erskine Childers,1903
736,Murphy,Samuel Beckett,1938
737,"Cry, the Beloved Country",Alan Paton,1948
738,Dinner at the Homesick Restaurant,Anne Tyler,1982
739,The Kite Runner,Khaled Hosseini,2003
740,The Death of Artemio Cruz,Carlos Fuentes,1962
741,Cat's Cradle,Kurt Vonnegut,1963
742,Kristin Lavransdatter,Sigrid Undset,1920
743,The Wanderer,Henri Alain-Fournier,1913
744,Bridget Jones's Diary,Helen Fielding,1996
745,The Black Prince,Iris Murdoch,1973
746,Zazie in the Metro,Raymond Queneau,1959
747,Bonjour Tristesse,Francoise Sagan,1954
748,Manhattan Transfer,John Dos Passos,1925
749,Three Men in a Boat,Jerome K. Jerome,1889
750,The Notebooks of Malte Laurids Brigge,Rainer Maria Rilke,1910
751,The Human Stain,Philip Roth,2000
752,The Heart of the Matter ,Graham Greene,1948
753,V,Thomas Pynchon,1963
754,Anecdotes of Destiny,Isak Dinesen,1958
755,A Wizard of Earthsea,Ursula K. Le Guin,1968
756,The Book of Laughter and Forgetting ,Milan Kundera ,1979
757,The Magus,John Fowles,1966
758,The Half Brother: A Novel,Lars Saabye Christensen,2011
759,The English Teacher,R. K. Narayan,1945
760,Journey by Moonlight,Antal Szerb,1937
761,Aus dem Leben eines Taugenichts,Joseph von Eichendorff,1826
762,The Narrow Road to the Deep North,Matsuo Bashō,1689
763,Growth of the Soil,Knut Hamsun,1920
764,The Seventh Cross,Anna Seghers,1942
765,Stories,Heinrich von Kleist,1777
766,Soul and Other Stories,Andrey Platonov,
767,First Circle,Aleksandr Solzhenitsyn,1968
768,Simplicius Simplicissimus,Hans Jakob Christoffel von Grimmelshausen,1668
769,Schatzkästlein des Rheinischen Hausfreundes,Johann Peter Hebel,1811
770,The Three-Arched Bridge,Ismail Kadare,1978
771,Sudelbücher,Georg Christoph Lichtenberg,
772,Essays and Aphorisms,Arthur Schopenhauer,1860
773,Vendor Of Sweeets,"R. K. Narayan, R.K.",1967
774,The Complete Plays of T. S. Eliot,T. S. Eliot,1965
775,The Iceman Cometh,Eugene O'Neill,1939
776,Lenz,Georg Buchner,1839
777,The Collected Songs of Cold Mountain,Han Shan,1985
778,Édes Anna,Dezső Kosztolányi,1991
779,Italian Folktales,Italo Calvino,1956
780,Querelle,Jean Genet,1947
781,Somersault,Kenzaburō Ōe,1999
782,The Gift,Vladimir Nabokov,1938
783,Jealousy: A Novel,Alain Robbe-Grillet,1957
784,The Life and Opinions of the Tomcat Murr,E.T.A. Hoffmann,1819
785,Julius Caesar,William Shakespeare,1599
786,Siebenkäs,Jean Paul,1796
787,Le Roman de la Rose,Guillaume (de Lorris),1230
788,The Loyal Subject,Heinrich Mann,1918
789,Stories of Adalbert Stifter,Adalbert Stifter,1868
790,Cancer Ward,Aleksandr Solzhenitsyn,1967
791,"Abu Telfan, Return from the Mountains of the Moon",Wilhelm Karl Raabe,1867
792,Anniversaries,Uwe Johnson,1970
793,The Skeleton,Amrita Pritam,1950
794,Count Julian,Juan Goytisolo,1970
795,Smilla's Sense of Snow: A Novel,Peter Høeg,1992
796,The Sorrow Of War,Bao Ninh,1990
797,"The Tootinameh; Or, Tales of a Parrot","India, Iran",1560
798,First Love,Ivan Turgenev,1860
799,Track,Ernst Bloch,
800,Stories of Washington Irving,Washington Irving,1859
801,The Royal Physician's Visit: A Novel,Per Olov Enquist,1999
802,Embers,Sandor Marai,1942
803,"Memed, My Hawk",Yashar Kemal,1955
804,The Collected Stories of Heinrich Boll,Heinrich Boll,1948
805,The Black Book,Orhan Pamuk,1990
806,The Plum in the Golden Vase,Anonymous,1610
807,Hyperion,Friedrich Holderlin,1797
808,She Stoops to Conquer,Oliver Goldsmith,1773
809,Identity: A Novel,Milan Kundera,1998
810,Shahnameh,Ferdowsi,1010
811,"And where Were You, Adam?",Heinrich Böll,1951
812,The Dancing Girl of Izu and Other Stories,Yasunari Kawabata,1929
813,The Burn: A Novel in Three Books : (late Sixties--early Seventies),Vassily Aksyonov,1975
814,The Garlic Ballads: A Novel,Yan Mo,
815,"If Not Now, When?",Primo Levi,1982
816,Life and Fate,Vasily Grossman,1959
817,The Return and Other Stories,Andrey Platonov,
818,Dreamtigers,Jorge Luis Borges,1960
819,The Dog Star,Agneta Pleijel,
820,Burmese Days,George Orwell,1934
821,Confessions of a Mask,Yukio Mishima,1949
822,Ivanhoe,Walter Scott,1820
823,Elective Affinities,Johann Wolfgang von Goethe,1809
824,Teahouse,by She Lao,1957
825,Beauty and Sadness,Yasunari Kawabata,1964
826,August 1914,Aleksandr Isaevich Solzhenit︠s︡yn,1971
827,Green Henry,Gottfried Keller,1855
828,Soul Mountain,Xingjian Gao,1990
829,Romance of the Three Kingdoms,Guanzhong Luo,1301
830,The Rings of Saturn,W. G. Sebald,1998
831,Alcestis,Euripedes,-438
832,The Years with Laura Diaz,Carlos Fuentes,1999
833,Happy Moscow,Andrey Platonov,
834,La Saga/ Fuga de J. B./ The Saga/ Escape of J.B.,Gonzalo Torrente Ballester,1972
835,My City: A Hong Kong Story,Xi Xi,
836,The Stone Raft,José Saramago,1986
837,The Book of Songs,China,1937
838,Antiworlds,Andrey Voznesensky,
839,The Radetzky March,Joseph Roth,1932
840,Les Enfants Terribles,Jean Cocteau,1929
841,Thousand Cranes,Yasunari Kawabata,1952
842,As You Like it,William Shakespeare,1623
843,Perfume,Patrick Suskind,1985
844,A Tomb for Boris Davidovich,Danilo Kiš,1976
845,Venus in Furs,Leopold Von Sacher-Masoch,1870
846,The Eustace Diamonds,Anthony Trollope,1871
847,The Collected Plays of W.B. Yeats,William Butler Yeats,1939
848,Another Country,Karel Schoeman,1984
849,The Stechlin,Theodor Fontane,1899
850,Stories from the Lord Keuner,Dieter Wöhrle,1926
851,Fateless,Imre Kertész,1975
852,The Reader,Bernhard Schlink,1995
853,Story of the Eye,Georges Bataille,1928
854,The Kalevala,Elias Lönnrot,1835
855,Kokoro,Sōseki Natsume,1914
856,Black Sheep,Georgette Heyer ,1966
857,Way of All Flesh,Samuel Butler,1903
858,Bel Canto,Ann Patchett,2001
859,Tales from the Kathasaritsagara,Somadeva,1070
860,Franny and Zooey,J. D. Salinger,1961
861,Sister Carrie,Theodore Dreiser,1900
862,Schindler's List,Thomas Keneally,1982
863,A Fine Balance,Rohinton Mistry,1995
864,Haroun and the Sea of Stories,Salman Rushdie,1990
865,The Moonstone,Wilkie Collins,1868
866,The Merry Adventures of Robin Hood,Howard Pyle,1883
867,American Psycho,Bret Easton Ellis,1991
868,The Old Wives' Tale,Arnold Bennett,1908
869,Party Going,Henry Green,1939
870,Master and Commander,Patrick O'Brian,1969
871,A Visit From The Goon Squad,Jennifer Egan,2010
872,Correction,Thomas Bernhard,1979
873,Red Harvest ,Dashiell Hammett,1929
874,House Made of Dawn,N. Scott Momaday,1968
875,Zuleika Dobson,Max Beerbohm,1911
876,Collected Poems of Ted Hughes,Ted Hughes,2003
877,The Power and the Glory,Graham Greene,1940
878,The Accidental Tourist,Anne Tyler,1985
879,The Moon is a Harsh Mistress,Robert A. Heinlein,1966
880,Appointment in Samarra,John O'Hara,1934
881,Where the Wild Things Are,Maurice Sendak,1963
882,The Poetry of Ezra Pound,Ezra Pound,1972
883,Goodbye to Berlin,Christopher Isherwood,1939
884,Snow Falling on Cedars,David Guterson,1994
885,Pricksongs and Descants,Robert Coover,1969
886,Pigs in Heaven,Barbara Kingsolver,1993
887,Deliverance ,James Dickey,1970
888,Under the Net ,Iris Murdoch,1954
889,Cold Comfort Farm,Stella Gibbons,1932
890,Casino Royale,Ian Fleming,1953
891,The Hunger Games,Suzanne Collins,
892,The Song of Hiawatha,Henry Wadsworth Longfellow,1855
893,The Chronicles of Barsetshire,Anthony Trollope,1855
894,A Game of Thrones,George R. R. Martin,1996
895,The Railway Children,Edith Nesbit,1906
896,The Jungle Book,Rudyard Kipling,1894
897,Red Dragon,Thomas Harris,1981
898,The Murders in the Rue Morgue,Edgar Allan Poe,1841
899,The Little Engine that Could,Platt & Munk,1930
900,Histoire de Babar,Jean de Brunhoff,1931
901,The Warlord of Mars,Edgar Rice Burroughs,1913
902,Odes,John Keats,1927
903,Swallows and Amazons,Arthur Ransome,1930
904,The Moon is Down,John Steinbeck,1942
905,Edmund Dulac's Fairy-Book,Edmund Dulac,1953
906,Kidnapped,Robert Louis Stevenson,1886
907,Killshot,Elmore Leonard,1989
908,The Cloister and the Hearth,Charles Reade,1861
909,The Plantagenet Saga,Jean Plaidy,1976
910,Forever: A Novel,Pete Hamill,2003
911,Smoky the Cowhorse,Will James,1927
912,The Scarlet Plague,Jack London,1915
913,Miss Pickerell Goes to Mars,Ellen Macgregor,1951
914,The Voyages of Doctor Dolittle,Hugh Lofting,1922
915,Jonathan Livingston Seagull,Richard Bach,1970
916,The Island Within,Ludwig Lewisohn,1928
917,The Little Grey Men,B B,1942
918,Gone Girl,Gillian Flynn,
919,Story of Ferdinand,Munro Leaf,1936
920,Miss Susie Slagle's,Augusta Tucker,1939
921,The Protocols of the Elders of Zion,Unknown,1905
922,The Ballad of Peckham Rye,Muriel Spark,1960
923,Nectar in a Sieve,Kamala Markandaya,1954
924,Sixty Stories,Donald Barthelme,1981
925,A Wild Sheep Chase,Haruki Murakami,1982
926,The Chaneysville Incident,David Bradley,1981
927,I Wish Someone Were Waiting for Me Somewhere,Anna Gavalda,2003
928,The Hour of the Star,Clarice Lispector,1977
929,Mumbo Jumbo,Ishmael Reed,1972
930,The Bridge of San Luis Rey,Thornton Wilder,1927
931,Waiting,Ha Jin,1999
932,A High Wind in Jamaica,Richard Hughes,1929
933,The Quiet American ,Graham Greene,1955
934,The Shell Seekers,Rosamunde Pilcher,1987
935,Oscar and Lucinda,Peter Carey,1988
936,What Is the What,Dave Eggers,2006
937,Enormous Changes at the Last Minute,Grace Paley,1974
938,Baudolino,Umberto Eco,2000
939,The Manuscript Found in Saragossa,Jan Potocki,1805
940,Eugene Onegin,Alexander Pushkin,1825
941,Mason & Dixon,Thomas Pynchon,1997
942,The Beautiful and Damned ,F. Scott Fitzgerald,1922
943,The Baron in the Trees,Italo Calvino,1957
944,The Days of His Grace,Eyvind Johnson,1960
945,The Road to Klockrike,Harry Martinson,1948
946,The Wind on the Moon,Eric Linklater,1944
947,Hemsöborna,August Strindberg,1887
948,Stockholm series,Per Anders Fogelström,1960
949,House with the Blind Glass Windows,Herbjørg Wassmo,
950,The Women's Room,Marilyn French,1977
951,The bells of Bicêtre,Georges Simenon,
952,Flowering Nettle,Harry Martinson,1935
953,Barefoot,Zaharia Stancu,
954,The Unknown Soldier,Väinö Linna,1954
955,The Serious Game,Hjalmar Söderberg,1912
956,The Red Room,August Strindberg,1879
957,The Book-Dealer Who Ceased Bathing,Fritiof Nilsson Piraten,1937
958,The Dwarf,Par Lagerkvist,1945
959,The Emigrants,Vilhelm Moberg,1949
960,Doctor Glas,Hjalmar Soderberg,1905
961,Dog,Kerstin Ekman,
962,Second-class Citizen,Buchi Emecheta,1974
963,The Queen's Tiara,Carl Jonas Love Almquist,1834
964,After the Flood,P.C. Jersild,1982
965,Kallocain,Karin Boye,1940
966,The Long Ships,Frans G. Bengtsson,1941
967,Simon and the Oaks,Marianne Fredriksson,1985
968,The Christmas Oratorio,Göran Tunström,
969,The Alberta Trilogy,Cora Sandel,1926
970,The Czar's Madman,Jaan Kross,1978
971,The Lost Steps,Alejo Carpentier,
972,"Mio, My Son",Astrid Lindgren,1954
973,They Burn the Thistles,Yaşar Kemal,1969
974,Barabbas,Par Lagerkvist,1950
975,Samuels bok,Sven Delblanc,1981
976,The Assistant,Bernard Malamud,1957
977,Collected Poems,Nils Ferlin,
978,The Crucible,Arthur Miller,1953
979,The Emperor of Portugallia,Selma Lagerlof,1914
980,Rhythms,Harry Martinson,
981,The Werewolf,Aksel Sandemose,
982,Bathsheba,Torgny Lindgren,
983,The Man Without a Way,Erik Lindegren,
984,Mating,Norman Rush,1990
985,The Prince of Tides,Pat Conroy,1986
986,Harry Potter and the Goblet of Fire ,J.K Rowling,2000
987,Wonder Boys,Michael Chabon,1995
988,Harry Potter and the Deathly Hallows,J.K. Rowling,2007
989,The Man Who Was Thursday,G. K. Chesterton,1908
990,Cold Sassy Tree,Olive Ann Burns,1984
991,The Golden Ass (Metamorphoses): Or Metamorphoses,Apuleius,180
992,The God of Small Things,Arundhati Roy,1997
993,Harry Potter and the Half-Blood Prince,J.K. Rowling,2005
994,Dog Soldiers ,Robert Stone,1974
995,High Fidelity,Nick Hornby,1995
996,The Mists of Avalon,Marion Zimmer Bradley,1983
997,"Are You There God? It's Me, Margaret",Judy Blume,1970
998,The Narrative of Arthur Gordon Pym,Edgar Allan Poe,1838
999,Harry Potter And The Chamber Of Secrets,J. K. Rowling,1998
1000,Harry Potter And The Prisoner Of Azkaban,J. K. Rowling,1999
1001,Harry Potter and the Order of the Phoenix,J.K. Rowling,2003
1002,Flicker,Theodore Roszak,1991
1003,The Code of the Woosters,P. G. Wodehouse,1938
1004,In the Heart of the Heart of the Country,William H. Gass,1968
1005,The Bloody Chamber And Other Stories,Angela Carter,1979
1006,The Early Stories,John Updike,2004
1007,Hotel du Lac,Anita Brookner,1984
1008,World's End,T. C. Boyle,1987
1009,Woodcutters,Thomas Bernhard,1985
1010,The Shipping News,E. Annie Proulx,1993
1011,The Storyteller,Mario Vargas Llosa,1987
1012,Half of a Yellow Sun,Chimamanda Ngozi Adichie,2007
1013,Anne of Green Gables,Lucy Maud Montgomery,1908
1014,Time and Again,Jack Finney,1970
1015,At Play in the Fields of the Lord,Peter Matthiessen,1965
1016,The Stories of Vladimir Nabokov,Vladimir Nabokov,1977
1017,The Collected Poems of Theodore Roethke,Theodore Roethke,1963
1018,The Green Knight,Iris Murdoch,1993
1019,A Reckless Character and Other Stories,Ivan Turgenev,1883
1020,A Severed Head,Iris Murdoch,1961
1021,John Wesley's Sermons: An Anthology,Albert C. Outler,1791
1022,The Remorseful Day,Colin Dexter,1999
1023,Living,Henry Green,1929
1024,"Charlie And The Chocolate Factory,",Roald Dahl,1964
1025,The Master of Ballantrae: A Winter's Tale,Robert Louis Stevenson,1889
1026,The Hearts and Lives of Men: A Novel,Fay Weldon,1987
1027,The Real Life of Sebastian Knight,Vladimir Nabokov,1941
1028,The Short Stories Of Thomas Hardy ,Thomas Hardy,1928
1029,Water Music,T.C. Boyle,1982
1030,The Poems of Emily Bronte,Emily Brontë,1850
1031,The Winter's Tale,William Shakespeare,1623
1032,Nights At The Circus,Angela Carter,1984
1033,Stories,T.C. Boyle,
1034,Kabbalah,Unknown,1195
1035,Early Novels and Stories,James Baldwin,1987
1036,The Works of Walter Savage Landor,Walter Savage Landor,1864
1037,The Unicorn,Iris Murdoch,1963
1038,The Bridge,Hart Crane,1930
1039,In the Heart of the Heart of the Country & Other Stories,William H. Gass,
1040,Kaputt,Curzio Malaparte,
1041,The Stories of Raymond Carver,Raymond Carver,1988
1042,The Collected Poems of A. E. Housman,A. E. Housman,1939
1043,Blindness,Henry Green,1926
1044,Pastoralia,George Saunders,2000
1045,Men Without Women,Ernest Hemingway,1927
1046,The Book of the New Sun,Gene Wolfe,1983
1047,The Horse's Mouth,Joyce Cary,1944
1048,The Pursuit Of Love,Nancy Mitford,1945
1049,Europe Central,William T. Vollmann,2005
1050,Earth Abides,George Rippey Stewart,1949
1051,City of Salt,Abdelrahman Munif,1987
1052,A Fable,William Faulkner,1954
1053,Earthly Powers,Anthony Burgess,1980
1054,The Executioner's Song,Norman Mailer,1980
1055,Waverley,Sir Walter Scott,1814
1056,Sometimes a Great Notion,Ken Kesey,1964
1057,An Artist of the Floating World ,Kazuo Ishiguro,1986
1058,The Man with the Golden Arm,Nelson Algren,1949
1059,The Famished Road,Ben Okri,1991
1060,The Savage Detectives,Roberto Bolaño,1998
1061,Snow Country,Yasunari Kawabata,1935
1062,The Van,Roddy Doyle,1991
1063,Mrs Palfrey at the Claremont,Elizabeth Taylor,1971
1064,The Bottle Factory Outing,Beryl Bainbridge,1974
1065,House of Leaves,Mark Z. Danielewski,2000
1066,Lanark ,Alasdair Gray,1981
1067,The BFG,Roald Dahl ,1982
1068,Little House on the Prairie,Laura Ingalls Wilder,
1069,The Periodic Table,Primo Levi,1975
1070,L.A. Confidential ,James Ellroy,1990
1071,Cold Nights,Ba Jin,1947
1072,The Woman in the Dunes,Kobo Abe,1964
1073,Everyman,Anonymous,1510
1074,Native American Folktales,Thomas A. Green,
1075,Benito Cereno,Herman Melville,1855
1076,The Collected Short Stories of Maxim Gorky,Maxim Gorky,1936
1077,Collected Short Stories of Saki,Saki,1916
1078,Selected Poems,Andrew Marvell,1678
1079,The Quest for the Golden Fleece,Unknown,-300
1080,The Collected Poems of Langston Hughes,Langston Hughes,1967
1081,Poems of Matsuo Bashō,Matsuo Bashō,1694
1082,The Complete Stories,Zora Neale Hurston,1955
1083,Christina Rossetti: The Complete Poems,Christina Georgina Rossetti,1894
1084,It: A Novel,Stephen King,1986
1085,If: A Father's Advice to His Son,Rudyard Kipling,1910
1086,The Song of Roland,Unknown,1040
1087,The Orlando Furioso,Lodovico Ariosto,1516
1088,Sonnets from the Portuguese,Elizabeth Barrett Browning,1850
1089,Einstein's Dreams,Alan Lightman,1992
1090,Selected Poems of Gabriela Mistral,Gabriela Mistral,1957
1091,The Father,August Strindberg,1887
1092,An Enemy of the People,Henrik Ibsen,1882
1093,Lazarillo de Tormes,Unknown,1554
1094,The Water Margin: Outlaws of the Marsh,Shi Naian,1127
1095,Cheri,Colette,1920
1096,Thyestes,Seneca,62
1097,The Voyage Out,Virginia Woolf,1915
1098,Nicholas Nickleby,Charles Dickens,1838
1099,Collected Poems 1912-1944,Hilda Doolittle,1944
1100,The Pioneers,James Fenimore Cooper,1823
1101,Reynard the Fox,Unknown,1148
1102,In Watermelon Sugar,Richard Brautigan,1968
1103,The Wonderful Story of Henry Sugar,Roald Dahl,1977
1104,Foucault's Pendulum,Umberto Eco,1988
1105,The Collected Works,Kahlil Gibran,1931
1106,Volpone,Ben Jonson,1606
1107,Last Exit to Brooklyn,Hubert Selby,1964
1108,"Struwwelpeter, Or, Merry Rhymes and Funny Pictures...",Heinrich Hoffmann,1845
1109,"The Diary of Anais Nin, 1931-1934",Anaïs Nin,1934
1110,Resurrection: A Novel,Leo Tolstoy,1899
1111,Stories of Nikolai Gogol,Nikolai Gogol,1852
1112,The Magic Toyshop,Angela Carter,1967
1113,The Complete Short Stories of Jack London,Jack London,1916
1114,The Twelve Labours of Hercules,Unknown,-600
1115,Wild at Heart: The Story of Sailor and Lula,Barry Gifford,1990
1116,The Poetry of Alexander Pushkin,Alexander Pushkin,1837
1117,"The Hunting of the Snark: An Agony, in Eight Fits",Lewis Carroll,1876
1118,Hagoromo: A Celestial Robe,Japan,1524
1119,Two Essays on Analytical Psychology,Carl Gustav Jung,1953
1120,Apu Ollontay,Peru,1857
1121,Penguin Island,Anatole France,1908
1122,Spoon River Anthology,Edgar Lee Masters,1915
1123,Miss Julie,August Strindberg,1888
1124,The Complete Fairy Tales of Charles Perrault,Charles Perrault,1703
1125,Best Science Fiction Stories of H. G. Wells,H. G. Wells,1946
1126,New Atlantis,Francis Bacon,1627
1127,Oroonoko,Aphra Behn,1689
1128,Works and Days,Hesiod,-700
1129,An Occurrence at Owl Creek Bridge,Ambrose Bierce,1890
1130,Poem of the Cid,Unknown,1195
1131,Edward Lear's Book of Nonsense,Edward Lear,1846
1132,Orpheus and Eurydice,Unknown,8
1133,The Works of George Peele,George Peele,1596
1134,"Foliage: Or, Poems Original and Translated",Leigh Hunt,1859
1135,Le Bateau Ivre,Arthur Rimbaud,1871
1136,Life Is a Dream,Pedro Calderón de la Barca,1635
1137,An Essay on Man,Alexander Pope,1734
1138,The Rape of the Lock,Alexander Pope,1712
1139,The Three Hundred Tang Poems,China,1763
1140,Devil in a Blue Dress,Walter Mosley,1990
1141,A Thousand Acres,Jane Smiley,1992
1142,The Giver,Lois Lowry,1993
1143,The Recognitions ,William Gaddis,1955
1144,The Da Vinci Code,Dan Brown,2006
1145,Out Stealing Horses,Per Petterson,2003
1146,The Fixer,Bernard Malamud,1966
1147,Everything Is Illuminated,Jonathan Safran Foer,2002
1148,Kane and Abel,Jeffrey Archer,1979
1149,Ironweed,William Kennedy ,1983
1150,The Violent Bear It Away,Flannery O'Connor,1960
1151,Voss,Patrick White,1957
1152,Roots,Alex Haley,1977
1153,Ellen Foster,Kaye Gibbons,1987
1154,The Gambler,Fyodor Dostoyevsky,1867
1155,London Fields,Martin Amis,1989
1156,War and Remembrance,Herman Wouk,1978
1157,Centennial,James A. Michener,1974
1158,"Hateship, Friendship, Courtship, Loveship, Marriage",Alice Munro,2006
1159,Sula,Toni Morrison,1973
1160,Cider with Rosie,Laurie Lee,1959
1161,The Godfather,Mario Puzo,1969
1162,Augustus,John Williams,1973
1163,Giants in the Earth,Ole Edvart Rolvaag,1927
1164,The Alienist,Caleb Carr,1994
1165,Talk Before Sleep,Elizabeth Berg,1994
1166,Rubyfruit Jungle,Rita Mae Brown,1973
1167,Corelli's Mandolin,Louis de Bernières ,1993
1168,The Education of Little Tree,Forrest Carter,1976
1169,Fifty Shades of Grey: ,E L James,2011
1170,The Help,Kathryn Stockett,2009
1171,The Dyskolos,Menander ,-316
1172,Birdsong,Sebastian Faulks,1993
1173,"Goodbye, Columbus",Philip Roth,1959
1174,The Notebook: The Proof ; The Third Lie : Three Novels,Agota Kristof,1986
1175,The Dying Earth,Jack Vance,1950
1176,Like Water For Chocolate,Laura Esquivel,1989
1177,Wolf Hall,Hilary Mantel,2009
1178,Wittgenstein's Mistress,David Markson,1988
1179,The Haunting of Hill House ,Shirley Jackson,1959
1180,"Bless Me, Ultima",Rudolfo Anaya,1972
1181,The American,Henry James,1877
1182,Moravagine,Blaise Cendrars,1926
1183,Books of Blood,Clive Barker,1985
1184,Froth on the daydream,Boris Vian,1947
1185,I Am Legend,Richard Matheson,1954
1186,Sea of Poppies,Amitav Ghosh,2008
1187,Under Western Eyes,Joseph Conrad,1911
1188,The Intuitionist: A Novel,Colson Whitehead,1999
1189,Twilight of the Superheroes,Deborah Eisenberg,2006
1190,Angle of Repose,Wallace Stegner,1971
1191,Tales of H. P. Lovecraft,H. P. Lovecraft,1937
1192,The Magic Barrel,Bernard Malamud,1958
1193,A New Life,Bernard Malamud,1961
1194,In the Time of the Butterflies,Julia Alvarez,1994
1195,Amongst Women,John McGahern,1990
1196,Mortals,Norman Rush,2003
1197,Suttree,Cormac McCarthy,1979
1198,The Bastard of Istanbul,Elif Shafak,2006
1199,The Murder of Roger Ackroyd,Agatha Christie,1926
1200,Life & Times of Michael K,J. M. Coetzee,1983
1201,Billy Lynn's Long Halftime Walk: A Novel,Ben Fountain,2012
1202,Our Lady of the Flowers,Jean Genet,1943
1203,The Spy Who Came in From the Cold ,John le Carre,1963
1204,Chimera,John Barth,1972
1205,Haunted,Chuck Palahniuk,2005
1206,The Stories of Ray Bradbury,Ray Bradbury,2010
1207,Amerika,Franz Kafka,1927
1208,The Heather Blazing,Colm Toibin,1992
1209,Mr. Sammler's Planet,Saul Bellow,1970
1210,An Accidental Man,Iris Murdoch,1971
1211,Gaudy Night,Dorothy L. Sayers,1935
1212,The Electric Michelangelo,Sarah Hall,2004
1213,Cities of the Red Night: A Novel,William S. Burroughs,1981
1214,Riders of the Purple Sage,Zane Grey,1912
1215,My Life and My Life in the Nineties,Lyn Hejinian,1980
1216,The Rachel Papers,Martin Amis,1973
1217,Ghostwritten,David Mitchell,1999
1218,The Ballad of the Sad Cafe,Carson McCullers,1951
1219,Sweet Days of Discipline,Fleur Jaeggy,1989
1220,"I, Tituba, Black Witch of Salem",Maryse Condé,1986
1221,Stranger Things Happen,Kelly Link,2001
1222,Selected Stories of Philip K. Dick,Philip K. Dick,1982
1223,Distant Star,Roberto Bolaño,1996
1224,American Genius: A Comedy,Lynne Tillman,2006
1225,The Kreutzer Sonata: And Other Stories,Leo Tolstoy,1889
1226,The Elementary Particles,Michel Houellebecq,1998
1227,The Spoils of Poynton,Henry James,1897
1228,Stoner,John Williams,1965
1229,A Violent Life,Pier Paolo Pasolini,1959
1230,A Thousand Splendid Suns,Khaled Hosseini,2007
1231,The Daughter of Time,Josephine Tey,1951
1232,VALIS,Philip K. Dick,1981
1233,The Postman Always Rings Twice,James M. Cain,1934
1234,No Country for Old Men,Cormac McCarthy,2005
1235,The Black Swan,Thomas Mann,1954
1236,A Spy In The House Of Love,Anais Nin,1954
1237,The Day of the Jackal,Frederick Forsyth,1971
1238,The Last Days of Mankind,Karl Kraus,1922
1239,Green Eggs and Ham,Dr. Seuss,1960
1240,The Natural,Bernard Malamud,1952
1241,Cat's Eye,Margaret Atwood,1988
1242,The Hunting Gun,Yasushi Inoue,1949
1243,The Good Person of Szechwan,Bertolt Brecht,1943
1244,Diamonds Are Forever,Ian Fleming,1956
1245,Eye Of The Needle,Ken Follett,1978
1246,"Farewell, My Lovely: A Novel",Raymond Chandler,1940
1247,She,H. Rider Haggard,1887
1248,Against Nature,J. K. Huysmans,1884
1249,Pygmalion,Bernard Shaw,1912
1250,Junky,William S. Burroughs,1953
1251,Hangover Square: A Story of Darkest Earl's Court,Patrick Hamilton,1941
1252,The Royal Game,Stefan Zweig,1942
1253,A Canticle for Leibowitz,Walter M. Miller,1961
1254,The Invisible Man,H. G. Wells,1897
1255,The Talisman,Sir Walter Scott,1825
1256,Flatland: A Romance of Many Dimensions,Edwin A. Abbott,1884
1257,A Tale of Love and Darkness,Amos Oz,2002
1258,Collected Stories of Peter Taylor,Peter Taylor,1971
1259, Kaspar and Other Plays,Peter Handke,1967
1260,The Sea-Wolf,Jack London,1904
1261,Splendors and Miseries of Courtesans,Honore De Balzac,1847
1262,The Shadow of the Wind,Carlos Ruiz Zafon,2001
1263,The Third Policeman,Flann O'Brien,1967
1264,The Sportswriter ,Richard Ford,1986
1265,Blood Oranges,John Hawkes,1997
1266,The Box Man,Kobo Abé,1947
1267,The Palm-Wine Drinkard,Amos Tutola,1952
1268,"South of the Border, West of the Sun: A Novel",Haruki Murakami,1992
1269,Man in the Holocene,Max Frisch,1979
1270,The Oranging of America,Max Apple,1976
1271,Love in a Cold Climate,Nancy Mitford,1949
1272,Falling in Place,Ann Beattie,1981
1273,"Will You Please be Quiet, Please?",Raymond Carver,1976
1274,The Castle of Otranto: A Gothic Story,Horace Walpole,1764
1275,Professor Unrat,Heinrich Mann,1905
1276,Nog,Rudy Wurlitzer,1969
1277,The Feast of the Goat: A Novel,Mario Vargas Llosa,2000
1278,Black Tickets,Jayne Anne Phillips,1979
1279,The Physicists,Friedrich Dürrenmatt,1962
1280,Effi Briest,Theodor Fontane,1896
1281,Seven Gothic Tales,Karen Blixen,1934
1282,Tragic Magic,Wesley Brown,1978
1283,The Pure and the Impure,Colette,1967
1284,Michael Kohlhaas,Heinrich Von Kleist,1810
1285,Searching for Caleb,Anne Tyler,1975
1286,Cat on a Hot Tin Roof ,Tennessee Williams,1955
1287,Mythologies,Roland Barthes,1957
1288,Candida: a Pleasant Play,George Bernard Shaw,1894
1289,Burr,Gore Vidal,1973
1290,The German Lesson,Siegfried Lenz,1968
1291,Pushcart Prize Anthology,Pushcart Prize,1976
1292,Collected Poems of Frank O'Hara,Frank O'Hara,1971
1293,Shadows on the Hudson: A Novel,Isaac Bashevis Singer,1957
1294,Nathan the Wise,Gotthold Ephraim Lessing,1779
1295,Rivers and Mountains,John Ashbery,1966
1296,The Changeling,Joy Williams,1978
1297,Sexual Perversity in Chicago,David Mamet,1970
1298,"Don Carlos: Infante of Spain, a Drama in Five Acts",Friedrich Schiller,1787
1299,Advertisements for Myself,Norman Mailer,1959
1300,The Lime Twig,John Hawkes,1961
1301,The Discovery of Heaven,Harry Mulisch,1992
1302,Wilhelm Meister's Apprenticeship,Johann Wolfgang von Goethe,1796
1303,The Clown,Heinrich Böll,1963
1304,Vile Bodies,Evelyn Waugh,1930
1305,Betty Blue: The Story of a Passion,Philippe Djian,1985
1306,From Russia with Love,Ian Fleming,1957
1307,Thank You and Other Poems,Kenneth Koch,1962
1308,The Subterraneans,Jack Kerouac,1958
1309,Der Fall Mauritius,Jakob Wassermann,1928
1310,A Sorrow Beyond Dreams,Peter Handke,1972
1311,The Coup,John Updike,1978
1312,Die neuen Leiden des jungen W.,Ulrich Plenzdorf,1972
1313,"I, etcetera",Susan Sontag,1978
1314,Giovanni's Room,James Baldwin,1956
1315,The Power of One,Bryce Courtenay,1989
1316,Point Counter Point,Aldous Huxley,1928
1317,The Wapshot Chronicle,John Cheever,1967
1318,The Confessions of Nat Turner,William Styron,1967
1319,Dealing With Dragons,Patricia C. Wrede,1990
1320,The Theogony,Hesiod,-700
1321,Snow Flower and the Secret Fan,Lisa See,2005
1322,The Wife of Martin Guerre,Janet Lewis,1941
1323,Cannery Row,John Steinbeck,1945
1324,Persepolis Two,Marjane Satrapi,2001
1325,Hard-Boiled Wonderland and the End of the World,Haruki Murakami,1985
1326,"Raise High the Roof Beam, Carpenters: And, Seymour, an Introduction",J Salinger,1963
1327,Interpreter of Maladies,Jhumpa Lahiri,2000
1328,Shadow & Claw,Gene Wolfe,
1329,From Here to Eternity ,James Jones,1951
1330,The Magnificent Ambersons ,Booth Tarkington ,1918
1331,The Namesake,Jhumpa Lahiri,2003
1332,Going Native,Stephen Wright,1994
1333,Annie John,Jamaica Kincaid,1985
1334,Chronicle of a Death Foretold,Gabriel Garcia Marquez,1981
1335,Obasan,Joy Kogawa,1981
1336,Girl in Hyacinth Blue,Susan Vreeland,1999
1337,The Bone People,Keri Hulme,1984
1338,Far Tortuga,Peter Matthiessen,1875
1339,Oranges are not the only Fruit,Jeanette Winterson,1985
1340,The Sense of an Ending,Julian Barnes,2011
1341,Life After Life,Kate Atkinson,2013
1342,Last Orders,Graham Swift,1996
1343,Play It As It Lays ,Joan Didion,1970
1344,Libra,Don DeLillo,1988
1345,Living Up The Street,Gary Soto,1985
1346,Good Omens,Terry Pratchett and Neil Gaiman,1990
1347,Sold,Patricia McCormick,2006
1348,The Iron Heel,Jack London,1908
1349,You Shall Know Our Velocity,Dave Eggers,2002
1350,Before We Were Free,Julia Alvarez,2002
1351,Been Down So Long it Looks Like Up to Me,Richard Fariña,1966
1352,The Bonesetter's Daughter,Amy Tan,2001
1353,Dawn,Elie Wiesel,1961
1354,Dreaming in Cuban,Cristina García,1992
1355,"Little, Big",John Crowley,1981
1356,Jayber Crow,Wendell Berry,2000
1357,Lonesome Dove,Larry McMurtry,1985
1358,The Phantom of the Opera,Gaston Leroux,1909
1359,Purple Hibiscus,Chimamanda Ngozi Adichie,2003
1360,O Pioneers!,Willa Cather,1913
1361,"Ties That Bind, Ties That Break",Lensey Namioka,1999
1362,A Book of Luminous Things,Czesław Miłosz,1996
1363,Drown,Junot Diaz,1996
1364,The Bostonians,Henry James,1886
1365,The No. 1 Ladies' Detective Agency,Alexander McCall Smith,1998
1366,Retold African American Folktales,David Haynes,
1367,Tobacco Road,Erskine Caldwell ,1932
1368,This Side of Paradise,F. Scott Fitzgerald,1920
1369,The Blue Sword,Robin McKinley,1982
1370,Born Confused,Tanuja Desai Hidier,2002
1371,A Little Princess,Frances Hodgson Burnett,1905
1372,Chanda's Secrets,Allan Stratton,2004
1373,Affliction,Russell Banks,1997
1374,Where Angels Fear to Tread,E. M. Forster,1905
1375,City of the Beasts,Isabel Allende,2002
1376,The Ginger Man,J. P. Donleavy,1955
1377,Crow Lake,Mary Lawson,2002
1378,The African Child,Camara Laye,1953
1379,The Tiger Who Came to Tea ,Judith Kerr,1968
1380,Where the Sidewalk Ends,Shel Silverstein,
1381,Dissolution: A Shardlake Novel,C. J. Sansom,2003
1382,Cutting for Stone,Abraham Verghese,
1383,The Taming of the Shrew,William Shakespeare,1592
1384,Ubik,Philip K. Dick,1969
1385,Darkness Spoken: The Collected Poems,Ingeborg Bachmann,1994
1386,Falconer,John Cheever,1977
1387,Stormbreaker,Anthony Horowitz,2000
1388,The Tragical History of Doctor Faustus,Christopher Marlowe,1604
1389,The Gruffalo,Julia Donaldson,1999
1390,"Henry IV, Part I",William Shakespeare,1597
1391,The Wasp Factory: A Novel,Iain Banks,1984
1392,A Dog's Purpose,W. Bruce Cameron,2010
1393,The Colour of Magic,Terry Pratchett,1983
1394,The Merchant of Venice,William Shakespeare,1598
1395,Diary of a Wimpy Kid,Jeff Kinney,
1396,I Capture the Castle,Dodie Smith,1934
1397,Goodnight Mister Tom,Michelle Magorian,1981
1398,Through the Language Glass: Why the World Looks Different in Other Languages,Guy Deutscher,
1399,Goodnight Moon,Margaret Wise Brown,
1400,The Enchanted Wood,Enid Blyton,1939
1401,"Percy Jackson and the Olympians, Book One: Lightning Thief, The",Rick Riordan,
1402,Ecotopia,Ernest Callenbach,1975
1403,The Painted Bird ,Jerzy Kosinski,1965
1404,The Story of Tracy Beaker,Jacqueline Wilson,1991
1405,American Gods,Neil Gaiman,2001
1406,The Farming of Bones,Edwidge Danticat,1998
1407,The Worst Witch,Jill Murphy,1974
1408,The Physician,Noah Gordon,1986
1409,The House at Pooh Corner,A.A Milne,
1410,The Very Hungry Caterpillar,Eric Carle,
1411,The Boy in the Striped Pyjamas,John Boyne,2006
1412,"He, She and It",Marge Piercy,1991
1413,Trainspotting,Irvine Welsh,1993
1414,A Series of Unfortunate Events #1: The Bad Beginning,Lemony Snicket,
1415,"Selected Poems, 1965-1975",Margaret Atwood,1975
1416,Bread Givers: A Novel : a Struggle Between a Father of the Old World and a Daughter of the New,Anzia Yezierska,
1417,Knots and Crosses: An Inspector Rebus Novel,Ian Rankin,1987
1418,Valley of the Dolls,Jacqueline Susann,
1419,The Pearl,John Steinbeck,1947
1420,Hard Times,Charles Dickens,1854
1421,"Breath, Eyes, Memory",Edwidge Danticat,
1422,The Secret Diary of Adrian Mole Aged 13 3/4,Sue Townsend,1982
1423,Artemis Fowl,Eoin Colfer,2001
1424,The Glass Menagerie,Tennessee Williams,1944
1425,The Girl with the Dragon Tattoo,Stieg Larsson,2005
1426,The Beautyful Ones are Not Yet Born,Ayi K. Armah,1968
1427,The Commitments,Roddy Doyle,1987
1428,The Bluest Eye,Toni Morrison,1970
1429,We're Going on a Bear Hunt,Michael Rosen,1989
1430,The Golden Compass,Philip Pullman,
1431,Selected Poems II: 1976 - 1986,Margaret Atwood,1986
1432,Noughts and Crosses,Malorie Blackman,2001
1433,The Berlin Stories,Christopher Isherwood,1946
1434,The Siege of Krishnapur,J. G. Farrell,1973
1435,Nothing Like the Sun,Anthony Burgess,1964
1436,The Line of Beauty,Alan Hollinghurst,2004
1437,The Thinking Reed,Rebecca West,1936
1438,The Public Burning,Robert Coover,1977
1439,Beat the Devil,Claud Cockburn,1951
1440,The Indian Lawyer,James Welch,1990
1441,The White Hotel,D. M. Thomas,1981
1442,The Ordeal of Gilbert Pinfold,Evelyn Waugh,1957
1443,The Making of Americans,Gertrude Stein,1925
1444,Light Years,James Salter,1976
1445,Nova Express,William S. Burroughs,1964
1446,The Ticket That Exploded,William S. Burroughs,1962
1447,The Soft Machine,William S. Burroughs,1961
1448,The Almanac of the Dead,Leslie Marmon Silko,1991
1449,A Mirror for Witches,Esther Forbes,1928
1450,The Slaves of Solitude,Patrick Hamilton,1947
1451,The Soul of Kindness,Elizabeth Taylor,1964
1452,Galileo,Bertolt Brecht,1945
1453,Novel on Yellow Paper,Stevie Smith,1936
1454,Take It Or Leave It,Raymond Federman,1976
1455,A Feast of Snakes,Harry Crews,1976
1456,Less Than Angels,Barbara Pym,1955
1457,Vida,Marge Piercy,1975
1458,A Place of Greater Safety,Hilary Mantel,1992
1459,The Trickster of Seville and His Guest of Stone,Tirso de Molina,1630
1460,The Plot Against America,Philip Roth,2004
1461,Mensagem,Fernando Pessoa,1934
1462,Regeneration,Pat Barker,1991
1463,Animal Dreams,Barbara Kingsolver,1990
1464,Salvage the Bones: A Novel,Jesmyn Ward,2011
1465,The Mask of Dimitrios,Eric Ambler,1944
1466,The Country of the Pointed Firs,Sarah Orne Jewett,1896
1467,Tree of Smoke,Denis Johnson,2007
1468,Morte D'Urban,J. F. Powers,1962
1469,The Great Fire,Shirley Hazzard,2003
1470,Written on the Body,Jeanette Winterson,1993
1471,Americanah,Chimamanda Ngozi Adichie,2013
1472,July's People,Nadine Gordimer,1981
1473,Julian,Gore Vidal,1964
1474,The Killer Inside Me,Jim Thompson,1952
1475,An American Dream,Norman Mailer,1965
1476,Lady into Fox,David Garnett,1922
1477,The Curious Incident of the Dog in the Night-time,Mark Haddon,2003
1478,If He Hollers Let Him Go,Chester Himes,1945
1479,Rhinoceros and Other Plays,Eugène Ionesco,1959
1480,My Brilliant Friend,Elena Ferrante,2011
1481,Flaubert's Parrot,Julian Barnes,1984
1482,Matterhorn,Karl Marlantes,2009
1483,Suite Française,Irène Némirovsky,2004
1484,The Clan of the Cave Bear,Jean M. Auel,1980
1485,The Last Good Kiss,James Crumley,1978
1486,The Radiant Way,Margaret Drabble,1987
1487,The Illustrious House of Ramires,Eça de Queirós,1900
1488,The Flight from the Enchanter,Iris Murdoch,1956
1489,Eustace and Hilda,L.P. Hartley,1944
1490,Ray,Barry Hannah,1980
1491,Tripmaster Monkey,Maxine Hong Kingston,1989
1492,The Horse Whisperer,Nicholas Evans,1995
1493,The Golden Gate,Vikram Seth,1986
1494,Gateway,Frederik Pohl,84
1495,Machine Dreams,Jayne Anne Phillips,1984
1496,NW: A Novel,Zadie Smith,2012
1497,Two Serious Ladies,Jane Bowles,1946
1498,Mr. American,George MacDonald Fraser,1980
1499,The Dogs of March,Ernest Hebert,1979
1500,The Loser,Thomas Bernhard,1983
1501,The Deceivers,John Masters,1952
1502,The King Must Die,Mary Renault,1958
1503,Sleeping Beauty,Ross Macdonald,1973
1504,The House Of Splendid Isolation,Edna O'Brien,1994
1505,Lucy,Jamaica Kincaid,1990
1506,Greenmantle,John Buchan,1916
1507,Hadrian the Seventh,Frederick Rolfe,1904
1508,The Sign of Four,Sir Arthur Conan Doyle,1890
1509,New Grub Street: A Novel,George Gissing,1891
1510,The History of Mr. Polly,H. G. Wells,1910
1511,Joy in the Morning,P. G. Wodehouse,1946
1512,Gentlemen Prefer Blondes: The Illuminating Diary of a Professional Lady ,Anita Loos,1925
1513,Winter's Tale,Mark Helprin,1983
1514,The Heat of the Day,Elizabeth Bowen,1948
1515,Lolly Willowes,Sylvia Townsend Warner,1926
1516,Sybil: Or The Two Nations,Benjamin Disraeli,1845
1517,The Pillars Of The Earth,Ken Follet,1989
1518,Cranford,Elizabeth Gaskell,1851
1519,The Rifles,William T. Vollmann,1994
1520,Follow the River,James Alexander Thom,1981
1521,Dhalgren,Samuel R. Delany,1975
1522,The Fountains of Neptune,Rikki Ducornet,1992
1523,The Jade Cabinet,Rikki Ducornet,1993
1524,Entering Fire,Rikki Ducornet,1986
1525,The Stain: A Novel,Rikki Ducornet,1984
1526,Mona Lisa Overdrive,William Gibson,1988
1527,Count Zero,William Gibson,1986
1528,Ender's Game,Orson Scott Card,1980
1529,Cane,Jean Toomer,1923
1530,Bridge to Terabithia,Katherine Paterson,1977
1531,Lookout cartridge,Joseph McElroy,1974
1532,Sabbath's Theater,Philip Roth,1995
1533,Independence Day,Richard Ford,1995
1534,Genoa: a telling of wonders,Paul C. Metcalf,1965
1535,The Glass Bead Game,Hermann Hesse,1943
1536,The Voyeur,Alain Robbe-Grillet,1953
1537,Double Or Nothing,Raymond Federman,1971
1538,The Cannibal: Novel,John Hawkes,1949
1539,Ben-Hur,Lew Wallace,1880
1540,The Secret Garden,Frances Hodgson Burnett,1911
1541,"Roll of Thunder, Hear My Cry",Mildred D. Taylor,1976
1542,Nightwood,Djuna Barnes,1936
1543,Busman’s Honeymoon,Dorothy L Sayers,1937
1544,The Counterlife,Philip Roth,1986
1545,Operation Shylock,Philip Roth,1993
1546,Always Coming Home,Ursula K. Le Guin,1985
1547,Divine Secrets of the Ya-Ya Sisterhood,Rebecca Wells,1996
1548,Palace of Desire,Naguib Mahfouz,1957
1549,Sugar Street,Naguib Mahfouz,1957
1550,Palace Walk,Naguib Mahfouz,1956
1551,Riddley Walker,Russell Hoban,1980
1552,Portrait of an Artist with 26 Horses,William Eastlake,1962
1553,A Patchwork Planet,Anne Tyler,1998
1554,The Bronc People,William Eastlake,1958
1555,Go in Beauty,William Eastlake,1956
1556,The Franchiser,Stanley Elkin,1976
1557,Shogun,James Clavell,1975
1558,Skinny Legs and All,Tom Robbins,1990
1559,The Age of Wire and String,Ben Marcus,1995
1560,Outlander,Diana Gabaldon,
1561,Tlooth,Harry Mathews,1966
1562,Waiting for the Mahatma,R. K. Narayan,1955
1563,The Sword of the Lictor,Gene Wolfe,1982
1564,Misery,Stephen King,1987
1565,The Citadel of the Autarch,Gene Wolfe,1983
1566,The Shadow of the Torturer,Gene Wolfe,1980
1567,The Claw Of The Conciliator,Gene Wolfe,1981
1568,Legs,William Kennedy,1975
1569,Billy Phelan's Greatest Game,William Kennedy,1978
1570,The Tunnel,William H. Gass,1995
1571,Omensetter's Luck,William H. Gass,1966
1572,Fried Green Tomatoes,Fannie Flagg,1991
1573,Tisha,Robert Specht,1976
1574,Darconville's Cat,Alexander Theroux,1981
1575,Up,Ronald Sukenick,1968
1576,Christy,Catherine Marshall,1967
1577,Yellow Back Radio Broke-Down,Ishmael Reed,1969
1578,Lost Horizon,James Hilton,1933
1579,You Bright and Risen Angels,William T. Vollmann,1987
1580,The Universal Baseball Association,Robert Coover,1968
1581,Creamy and Delicious,Steve Katz,1970
1582,More Than Human,Theodore Sturgeon,1951
1583,Boy's Life,Robert R. McCammon,1991
1584,Mulligan Stew,Gilbert Sorrentino,1979
1585,Chesapeake,James A. Michener,1978
1586,How Green Was My Valley,Richard Llewellyn,1939
1587,Easy Travel to Other Planets,Ted Mooney,1981
1588,Home and the World,Rabindranath Tagore,1916
1589,Tours of the Black Clock,Steve Erickson,1989
1590,"I, Robot",Isaac Asimov,1950
1591,In Memoriam to Identity,Kathy Acker,1990
1592,Hogg,Samuel Delany,1996
1593,Memoirs of a Geisha,Arthur Golden,1997
1594,Cities of the Plain,Cormac McCarthy,1998
1595,The Crossing,Cormac McCarthy,1994
1596,Where I'm Calling From,Raymond Carver,1988
1597,The Orphan Master's Son: A Novel,Adam Johnson,2012
1598,The Moor's Last Sigh,Salman Rushdie,1995
1599,Let the Great World Spin: A Novel,Colum McCann,2009
1600,A Sport and a Pastime,James Salter,1967
1601,Winter's Bone,Daniel Woodrell,1999
1602,On the Bus with Rosa Parks,Rita Dove,1999
1603,The Complete Poems of Marianne Moore,Marianne Moore,1958
1604,CivilWarLand in Bad Decline,George Saunders,1996
1605,The Dharma Bums,Jack Kerouac,1958
1606,Savages: A Novel,Don Winslow,2010
1607,The Professional,W.C. Heinz,1958
1608,The Continental Op,Dashiell Hammett,1923
1609,Time's Arrow,Martin Amis,1991
1610,African Stories,Doris Lessing,1964
1611,The Collected Poems of Audre Lorde,Audre Lorde,1997
1612,Plainsong,Kent Haruf,1999
1613,American Tabloid,James Ellroy,1995
1614,"Poems: Selected and New, 1950-1974",Adrienne Rich,1974
1615,A Fan's Notes,Frederick Exley,1968
1616,Women,Charles Bukowski,1978
1617,The Cunning Man,Robertson Davies,1994
1618,The Stone Diaries,Carol Shields,1993
1619,The Ghost Road,Pat Barker,1995
1620,Netherland,Joseph O'Neill,2009
1621,Bring Up the Bodies: A Novel,Hilary Mantel,2012
1622,On Beauty,Zadie Smith,2005
1623,The Amber Spyglass,Philip Pullman,2000
1624,The Blue Flower,Penelope Fitzgerald,1997
1625,The Accidental,Ali Smith,2005
1626,Case Histories,Kate Atkinson,2007
1627,The Secret Scripture,Sebastian Barry,2008
1628,World's Fair,E. L. Doctorow,1985
1629,Clockers,Richard Price,1992
1630,Snow,Orhan Pamuk,2002
1631,Home,Marilynne Robinson ,2008
1632,Fingersmith,Sarah Waters,2002
1633,True History of the Kelly Gang,Peter Carey,2000
1634,The Optimist's Daughter,Eudora Welty,1972
1635,The White Tiger,Aravind Adiga,2008
1636,A Lesson Before Dying,Ernest J. Gaines,1993
1637,Small Island,Andrea Levy,2004
1638,Billy Bathgate,E. L. Doctorow,1989
1639,Them,Joyce Carol Oates,1969
1640,The Collected Stories of Jean Stafford,Jean Stafford,1970
1641,Brooklyn,Colm Tóibín,2009
1642,The March,E. L. Doctorow,2005
1643,The Inheritance of Loss,Kiran Desai,2006
1644,Women in Their Beds,Gina Berriault,1997
1645,The Hours,Michael Cunningham,1998
1646,The Collected Stories of Katherine Anne Porter,Katherine Anne Porter,1965
1647,Empire Falls,Richard Russo,2001
1648,Masterworks of the Classical Haida Mythtellers,Robert Bringhurst,2002
1649,Mystic River,Dennis Lehane,2001
1650,Say You’re One of Them,Uwem Akpan,2008
1651,Black Water,Joyce Carol Oates,1992
1652,Words,Jacques Prévert,1946
1653,Rapture,Carol Ann Duffy,2005
1654,The Blue Lotus,Hergé,1936
1655,Asterix the Gaul,Rene Goscinny,1961
1656,The Bald Soprano,Eugène Ionesco,1959
1657,The Unconsoled,Kazuo Ishiguro,1995
1658,The Abyss,Marguerite Yourcenar,1968
1659,The Horseman on the Roof,Jean Giono,1951
1660,The Collected Stories of Amy Hempel,Amy Hempel,2006
1661,Belle du Seigneur,Albert Cohen,1968
1662,The Lovely Bones,Alice Sebold,2002
1663,Thérèse Desqueyroux,François Mauriac,1927
1664,A Personal Matter,Kenzaburo Oe,1964
1665,The Arrival,Shaun Tan,2006
1666,How I Live Now,Meg Rosoff,2004
1667,Confusion,Stefan Zweig,1927
1668,William Trevor: The Collected Stories,William Trevor,2009
1669,The Eye in the Door,Pat Barker,1993
1670,Runaway,Alice Munro ,2004
1671,The House on Mango Street,Sandra Cisneros,1984
1672,LaBrava,Elmore Leonard,1983
1673,Silence de la Mer,Vercors,1942
1674,Thursbitch,Alan Garner,2003
1675,Eva Luna,Isabel Allende,1985
1676,Under Satan's Sun,Georges Bernanos,1926
1677,Sandman,Neil Gaiman,1991
1678,The Joke,Milan Kundera,1967
1679,A Ghost at Noon,Alberto Moravia,1954
1680,The Ghost,Robert Harris,2007
1681,Aurélien,Louis Aragon,1944
1682,Waiting to Exhale,Terry McMillan,1995
1683,The Satin Slipper,Paul Claudel,1929
1684,Youth,J. M. Coetzee,2002
1685,Wolf Brother,Michelle Paver,2004
1686,The Resistible Rise of Arturo Ui,Bertolt Brecht,1941
1687,Friday,Michel Tournier,1967
1688,The Night Manager,John le Carré,1993
1689,If Nobody Speaks of Remarkable Things,Jon McGregor,2002
1690,Fleshmarket Close,Ian Rankin,2004
1691,The Children of Men,P. D. James,1992
1692,Drop City,T. Coraghessan Boyle,2003
1693,Dart,Alice Oswald,2002
1694,Krik? Krak!,Edwidge Danticat,1995
1695,Tendrils of Vines,Colette,1908
1696,Capital of Pain,Paul Éluard,1926
1697,Martin Eden,Jack London,1909
1698,Ballad of the Salt Sea,Hugo Pratt,1926
1699,Life in the Far West,George Frederick Ruxton,1849
1700,The Lost Honour of Katharina Blum,Heinrich Böll,1974
1701,Staying Alive,Neil Astley,2003
1702,The Opposing Shore,Julien Gracq,1951
1703,The Kindly One,Jonathan Littell,2006
1704,The Wonderful Adventures of Nils,Selma Lagerlöf,1906
1705,The PowerBook,Jeanette Winterson,2002
1706,The Martian Chronicles,Ray Bradbury,1950
1707,The Ravishing of Lol Stein,Marguerite Duras,1964
1708,The Interrogation,J. M. G. Le Clezio,1963
1709,"Blind Willow, Sleeping Woman",Haruki Murakami,2006
1710,Tropisms,Nathalie Sarraute,1939
1711,War Music,Christopher Logue,2009
1712,The Damned Utd,David Peace,2006
1713,A Sight for Sore Eyes,Ruth Rendell,1998
1714,Collected Poems of Michael Donaghy,Michael Donaghy,2009
1715,"Bright Lights, Big City",Jay McInerney,1984
1716,The General of the Dead Army,Ismail Kadare,1963
1717,The Emperor's Children,Claire Messud,2006
1718,"Go Down, Moses",William Faulkner,1942
1719,Born Yesterday,Gordon Burn,2008
1720,The Strange Case of Peter the Lett,Georges Simenon,1931
1721,The Enchantress of Florence,Salman Rushdie,2008
1722,Holes,Louis Sachar,1998
1723,Twilight,Stephenie Meyer,2005
1724,The Golden Apples,Eudora Welty,1949
1725,A Home at the End of the World,Michael Cunningham,1990
1726,Furor and Mystery,René Char,1948
1727,The Ruins,Scott Smith,2006
1728,"Everything Ravaged, Everything Burned",Wells Tower,2009
1729,That They May Face the Rising Sun,John McGahern,2001
1730,Close Range: Wyoming Stories,Annie Proulx,1999
1731,No Orchids for Miss Blandish,James Hadley Chase,1939
1732,Blake and Mortimer,Edgar P. Jacobs,1946
1733,Unless,Carol Shields,2002
1734,Second Thoughts,Michel Butor,1957
1735,Presumed Innocent,Scott Turow,1987
1736,District and Circle,Seamus Heaney,2006
1737,The Last Gentleman,Walker Percy,1966
1738,The Burden of Our Time,Hannah Arendt,1951
1739,The Carhullan Army,Sarah Hall,2007
1740,Kaaterskill Falls,Allegra Goodman,1998
1741,The Rosy Crucifixion,Henry Miller,1949
1742,The Emperor's Babe,Bernardine Evaristo,2001
1743,Amers,Saint-John Perse,1957
1744,Gaston,André Franquin,1957
1745,The Lost Leader,Mick Imlah,2008
1746,Practical Magic,Alice Hoffman,1996
1747,The Position,Meg Wolitzer,2005
1748,English Passengers,Matthew Kneale,2000
1749,The Destiny Waltz,Gerda Charles,1971
1750,The Gathering,Anne Enright,2006
1751,The Terror,Dan Simmons,2007
1752,"How Late It Was, How Late",James Kelman,1994
1753,Holiday,Stanley Middleton,1974
1754,Saturday,Ian McEwan,2005
1755,Injury Time,Beryl Bainbridge,1977
1756,Ceremony,Leslie Marmon Silko,1977
1757,The Able McLaughlins,Margaret Wilson,1923
1758,Samuel Pepys: The Unequalled Self,Claire Tomalin,2002
1759,Speedboat,Renata Adler,1976
1760,So Big,Edna Ferber,1924
1761,Offshore,Penelope Fitzgerald,1979
1762,Postcards,E. Annie Proulx,1992
1763,Behind of the Scenes at the Museum,Kate Atkinson,1995
1764,Flowering Judas and Other Stories,Katherine Anne Porter,1930
1765,The Love of a Good Woman,Alice Munro,1998
1766,Something to Answer For,P. H. Newby,1969
1767,The Chymical Wedding,Lindsay Clarke,1989
1768,Alice Adams,Booth Tarkington,1921
1769,Lord of Misrule: The Morganville Vampires,Rachel Caine,2010
1770,Kate Vaiden,Reynolds Price,1986
1771,Being Dead,Jim Crace,1999
1772,Philadelphia fire,John Edgar Wideman,1990
1773,Music and Silence,Rose Tremain,1999
1774,The Edge of Sadness, Edwin O'Connor,1961
1775,The Chip Chip Gatherers,Shiva Naipaul,1973
1776,His Family,Ernest Poole,1917
1777,The Elected Member,Bernice Rubens,1969
1778,Seaview,Toby Olson,1983
1779,Foreign Affairs,Alison Lurie,1984
1780,Bad Behavior: Stories,Mary Gaitskill,1988
1781,Sacred Hunger,Barry Unsworth,1992
1782,A Frolic of His Own,William Gaddis,1994
1783,Swing Hammer Swing!,Jeff Torrington,1992
1784,In America,Susan Sontag,1999
1785,In This Our Life,Ellen Glasgow,1941
1786,The Conservationist,Nadine Gordimer,1974
1787,Kruger's Alp,Christopher Hope,1984
1788,Lamb in His Bosom,Caroline Miller,1933
1789,Years of Grace,Margaret Ayer Barnes,1930
1790,The Barracks Thief,Tobias Wolff,1984
1791,A Good Scent from a Strange Mountain,Robert Olen Butler,1992
1792,The Children of Dynmouth,William Trevor,1976
1793,Paris Trout,Pete Dexter,1987
1794,Shadow Country,Peter Matthiessen,2008
1795,The Bird of Night,Susan Hill,1972
1796,Dragon's Teeth,Upton Sinclair,1942
1797,The Luminaries,Eleanor Catton,2013
1798,Motherless Brooklyn,Jonathan Lethem,1999
1799,A Bell for Adano,John Hersey,1944
1800,The Spectator Bird,Wallace Stegner,1976
1801,March,Geraldine Brooks,2005
1802,The Art of Fielding,Chad Harbach,2011
1803,Breathing Lessons,Anne Tyler,1988
1804,The Bear Comes Home,Rafi Zabor,1997
1805,The Great Man,Kate Christensen,2007
1806,Everyman,Philip Roth,2006
1807,The Story Of Edgar Sawtelle,David Wroblewski,2008
1808,Home to Harlem,Claude McKay,1928
1809,One of Ours,Willa Cather,1922
1810,Building Stories,Chris Ware,2012
1811,The Way West,"A. B. Guthrie, Jr.",1949
1812,Day,A.L. Kennedy,2007
1813,Spies,Michael Frayn,2002
1814,Saville,David Storey,1976
1815,The Spirit Level,Seamus Heaney,1996
1816,Soldiers in Hiding,Richard Wiley,1987
1817,Mao II,Don DeLillo,1991
1818,Ship Fever and Other Stories,Andrea Barrett,1995
1819,The Comforts of Madness,Paul Sayer,1988
1820,George Mills,Stanley Elkin,1982
1821,Mrs. Ted Bliss,Stanley Elkin,1995
1822,City of Glass,Paul Auster,1985
1823,Felicia's Journey,William Trevor,1994
1824,The Hand That First Held Mine,Maggie O'Farrell,2010
1825,The Reivers,William Faulkner,1963
1826,Birthday Letters,Ted Hughes,1998
1827,Scarlet Sister Mary,Julia Peterkin,1928
1828,Airships,Barry Hannah,1978
1829,Paco's Story,Larry Heinemann,1986
1830,The Caprices,Sabina Murray,2003
1831,Elegies,Douglas Dunn,1985
1832,Hopeful Monsters,Nicholas Mosley,1990
1833,Geek Love: A Novel,Katherine Dunn,1989
1834,The Flamethrowers: A Novel,Rachel Kushner,2013
1835,Theory of War,Joan Brady,1993
1836,Victory Over Japan: A Book of Stories,Ellen Gilchrist,1983
1837,Now in November,Josephine Winslow Johnson,1934
1838,Honey in the Horn,Harold L. Davis,1935
1839,The Old Devils,Kingsley Amis,1986
1840,The Field of Vision,Wright Morris,1956
1841,Outside Over There,Maurice Sendak,1981
1842,The Round House,Louise Erdrich,2012
1843,The Middleman and Other Stories,Bharati Mukherjee,1988
1844,Magic for Beginners,Kelly Link,2005
1845,Rites of Passage,William Golding,1980
1846,Vernon God Little,DBC Pierre,2003
1847,The Finkler Question: A Novel,Howard Jacobson,2010
1848,Restless,William Boyd,2006
1849,Sent for You Yesterday,John Edgar Wideman,1983
1850,Spartina,John Casey,1988
1851,Steps,Jerzy Kosinski,1968
1852,How the Garcia Girls Lost Their Accents,Julia Alvarez,1991
1853,Quarantine,Jim Crace,1997
1854,War Trash,Ha Jin,2004
1855,The Queen of the Tambourine,Jane Gardam,1991
1856,"Brown Girl, Brownstones",Paule Marshall,1959
1857,Autobiography of an Ex-Colored Man,James Weldon Johnson,1912
1858,The Sea,John Banville,2005
1859,Carter Beats The Devil,Glen David Gold,2001
1860,The Child in Time,Ian McEwan,1987
1861,Staying On,Paul Scott,1977
1862,Maggie: A Girl of the Streets,Stephen Crane,1893
1863,Leading the Cheers,Justin Cartwright,1998
1864,Ten North Frederick,John O'Hara,1955
1865,Tinkers,Paul Harding,2009
1866,The Late George Apley,John P. Marquand,1937
1867,Moon Tiger,Penelope Lively,1987
1868,How German Is It,Walter Abish,1981
1869,How Far Can You Go?,David Lodge,1980
1870,Charming Billy,Alice McDermott,1997
1871,The Town,Conrad Richter,1950
1872,Twelve Bar Blues,Patrick Neate,2001
1873,Fools of Fortune,William Trevor,1983
1874,Silver City,Maurice Leitch,1981
1875,Dusk,James Salter,1989
1876,The Dispossessed,Ursula K. Le Guin,1974
1877,The Echo Maker,Richard Powers,2006
1878,G.,John Berger,1972
1879,Heat and Dust,Ruth Prawer Jhabvala,1975
1880,A Summons to Memphis,Peter Taylor,1986
1881,The Tenderness of Wolves,Stef Penney,2006
1882,Landing Light,Don Paterson,2003
1883,The Time Traveler's Wife,Audrey Niffenegger,2003
1884,The Good Lord Bird: A Novel,James McBride,2013
1885,J R,William Gaddis,1975
1886,The Store,Thomas Sigismund Stribling,1932
1887,The Sacred and Profane Love Machine,Iris Murdoch,1974
1888,Elbow Room,James Alan McPherson,1977
1889,Blood Tie,Mary Lee Settle,1977
1890,Journey in the Dark,Martin Flavin,1943
1891,Laughing Boy,Oliver La Farge,1929
1892,The Eighth Day,Thornton Wilder,1967
1893,Every Man for Himself,Beryl Bainbridge,1996
1894,Binocular Vision,Edith Pearlman,2011
1895,The Travels of Jaimie McPheeters,Robert Lewis Taylor,544
1896,Pure,Andrew Miller,2011
1897,Guard of Honor,James Gould Cozzens,1948
1898,Docherty,William McIlvanney,1975
1899,The Old Jest,Jennifer Johnston,1979
1900,Picture Palace,Paul Theroux,1978
1901,The Shawl,Cynthia Ozick,1989
1902,Poor Things,Alasdair Gray,1992
1903,The Waters of Kronos,Conrad Richter,1960
1904,October Light,John Gardner,1976
1905,Extremely Loud and Incredibly Close,Jonathan Safran Foer,2005
1906,The Goldfinch,Donna Tartt,2013
1907,Early Autumn,Louis Bromfield,1926
1908,The Hair of Harold Roux,Thomas Williams,1974
1909,The Centaur,John Updike,1963
1910,The Ice Storm: A Novel,Rick Moody,1994
1911,Middle Passage,Charles R. Johnson,1990
1912,The Mambo Kings Play Songs of Love,Oscar Hijuelos,1989
1913,The Keepers of the House,Shirley Ann Grau,1964
1914,The Year of the French,Thomas Flanagan,1979
1915,The Old Forest,Peter Taylor,1986
1916,Young Shoulders,John Wain,1982
1917,Martin Dressler: The Tale of an American Dreamer,Steven Millhauser,1996
1918,Advise and Consent,Allen Drury,1959
1919,Jonathan Strange and Mr Norrell,Susanna Clarke ,2004
1920,Olive Kitteridge,Elizabeth Strout,2008
1921,Three Junes,Julia Glass,2002
1922,The Epicure's Lament,Kate Christensen,2004
1923,The News from Paraguay,Lily Tuck,2004
1924,In a Free State,V. S. Naipaul,1971
1925,The Caine Mutiny,Herman Wouk,1951
1926,A Crown of Feathers and Other Stories,Isaac Bashevis Singer,1973
1927,Plains Song,Wright Morris,1980
1928,Dangerous Laughter,Steven Millhauser,2008
,Plays,Pierre Corneille,1684
,The Complete Plays of Jean Racine,Jean Racine,1699
,The Works of Moliere,Molière,1673
,The Human Comedy,Honoré de Balzac,1845
,Selected Plays of Henrick Ibsen,Henrik Ibsen,1906
,Selected Plays of George Bernard Shaw,George Bernard Shaw,1950
,Meghadūta,Kālidāsa,350
,The Deptford Trilogy,Robertson Davies,1970
,The Chronicles of Narnia,C. S. Lewis,1950
,The Forsyte Saga,John Galsworthy,1922
